-- phpMyAdmin SQL Dump
-- version 5.2.1
-- https://www.phpmyadmin.net/
--
-- Host: localhost
-- Generation Time: Nov 22, 2025 at 09:20 AM
-- Server version: 10.4.28-MariaDB
-- PHP Version: 8.2.4

SET SQL_MODE = "NO_AUTO_VALUE_ON_ZERO";
START TRANSACTION;
SET time_zone = "+00:00";


/*!40101 SET @OLD_CHARACTER_SET_CLIENT=@@CHARACTER_SET_CLIENT */;
/*!40101 SET @OLD_CHARACTER_SET_RESULTS=@@CHARACTER_SET_RESULTS */;
/*!40101 SET @OLD_COLLATION_CONNECTION=@@COLLATION_CONNECTION */;
/*!40101 SET NAMES utf8mb4 */;

--
-- Database: `nitcollege_attendance_system`
--

-- --------------------------------------------------------

--
-- Table structure for table `attendance_summary`
--

CREATE TABLE `attendance_summary` (
  `id` int(11) NOT NULL,
  `student_id` int(11) NOT NULL,
  `class_id` int(11) NOT NULL,
  `month` int(11) NOT NULL,
  `year` int(11) NOT NULL,
  `total_days` int(11) DEFAULT 0,
  `present_days` int(11) DEFAULT 0,
  `absent_days` int(11) DEFAULT 0,
  `late_days` int(11) DEFAULT 0,
  `attendance_percentage` decimal(5,2) DEFAULT 0.00,
  `last_updated` timestamp NOT NULL DEFAULT current_timestamp() ON UPDATE current_timestamp()
) ENGINE=InnoDB DEFAULT CHARSET=utf8mb4 COLLATE=utf8mb4_general_ci;

-- --------------------------------------------------------

--
-- Table structure for table `classes`
--

CREATE TABLE `classes` (
  `id` int(11) NOT NULL,
  `class_name` varchar(100) NOT NULL,
  `department_id` int(11) NOT NULL,
  `year` int(11) NOT NULL,
  `section` varchar(10) NOT NULL,
  `teacher_id` int(11) NOT NULL,
  `semester` int(11) NOT NULL,
  `academic_year` varchar(20) NOT NULL,
  `created_at` timestamp NOT NULL DEFAULT current_timestamp()
) ENGINE=InnoDB DEFAULT CHARSET=utf8mb4 COLLATE=utf8mb4_general_ci;

--
-- Dumping data for table `classes`
--

INSERT INTO `classes` (`id`, `class_name`, `department_id`, `year`, `section`, `teacher_id`, `semester`, `academic_year`, `created_at`) VALUES
(41, 'Electrical Engineering - 1st Year (Mr. Prashant Dange)', 4, 1, 'Electrical', 23, 1, '2025-26', '2025-11-14 16:46:50'),
(49, 'Civil Engineering - 1st Year (Mr. Dhiraj Meghe)', 4, 1, 'Civil', 22, 1, '2025-26', '2025-11-15 04:29:38'),
(50, 'Civil Engineering - 1st Year (Dr. Mohammad Sabir)', 4, 1, 'Civil', 26, 1, '2025-26', '2025-11-15 04:29:54'),
(51, 'Civil Engineering - 1st Year (Mr. Ghufran Ahmad Khan)', 4, 1, 'Civil', 38, 1, '2025-26', '2025-11-15 04:30:26'),
(52, 'Civil Engineering - 1st Year (Dr. Amit Kharwade)', 4, 1, 'Civil', 36, 1, '2025-26', '2025-11-15 04:34:09'),
(53, 'Civil Engineering - 1st Year (Dr. Abdul Ghaffar)', 4, 1, 'Civil', 37, 1, '2025-26', '2025-11-15 04:34:36'),
(56, 'Electrical Engineering - 1st Year (Dr. Mohammad Sabir)', 4, 1, 'Electrical', 26, 1, '2025-26', '2025-11-15 04:36:11'),
(57, 'Electrical Engineering - 1st Year (Mrs Rachna Daga)', 4, 1, 'Electrical', 28, 1, '2025-26', '2025-11-15 04:36:31'),
(58, 'Electrical Engineering - 1st Year (Mr. Rohan Deshmukh)', 4, 1, 'Electrical', 39, 1, '2025-26', '2025-11-15 04:38:11'),
(59, 'Electrical Engineering - 1st Year (Mr. Harshal Ghatole)', 4, 1, 'Electrical', 34, 1, '2025-26', '2025-11-15 04:38:47'),
(60, 'Mechanical Engineering - 1st Year (Mr. Prashant Dange)', 4, 1, 'Mechanical', 23, 1, '2025-26', '2025-11-15 04:39:16'),
(61, 'Mechanical Engineering - 1st Year (Mr. Dhiraj Meghe)', 4, 1, 'Mechanical', 22, 1, '2025-26', '2025-11-15 04:39:36'),
(62, 'Mechanical Engineering - 1st Year (Dr. Mohammad Sabir)', 4, 1, 'Mechanical', 26, 1, '2025-26', '2025-11-15 04:39:56'),
(63, 'Mechanical Engineering - 1st Year (Mr. Samrat Kavishwar)', 4, 1, 'Mechanical', 35, 1, '2025-26', '2025-11-15 04:40:11'),
(65, 'Computer Science & Engineering - A - 1st Year (Mrs. Mona Dange)', 4, 1, 'CSE-A', 25, 1, '2025-26', '2025-11-15 04:41:24'),
(66, 'Computer Science & Engineering - A - 1st Year (Dr. (Mrs.) Sonika Kochhar)', 4, 1, 'CSE-A', 24, 1, '2025-26', '2025-11-15 04:41:49'),
(68, 'Computer Science & Engineering - A - 1st Year (Mrs Rachna Daga)', 4, 1, 'CSE-A', 28, 1, '2025-26', '2025-11-15 04:42:34'),
(69, 'Computer Science & Engineering - A - 1st Year (Mr. Ayaz Sheikh)', 4, 1, 'CSE-A', 27, 1, '2025-26', '2025-11-15 04:42:51'),
(70, 'Computer Science & Engineering - A - 1st Year (Ms. Pournima Bhuyar)', 4, 1, 'CSE-A', 29, 1, '2025-26', '2025-11-15 04:43:05'),
(71, 'Computer Science & Engineering - B - 1st Year (Mrs. Mona Dange)', 4, 1, 'CSE-B', 25, 1, '2025-26', '2025-11-15 04:43:35'),
(72, 'Computer Science & Engineering - B - 1st Year (Dr. (Mrs.) Sonika Kochhar)', 4, 1, 'CSE-B', 24, 1, '2025-26', '2025-11-15 04:43:51'),
(74, 'Computer Science & Engineering - B - 1st Year (Mr. Rahul Kadam)', 4, 1, 'CSE-B', 40, 1, '2025-26', '2025-11-15 04:46:04'),
(75, 'Computer Science & Engineering - B - 1st Year (Mr. Ayaz Sheikh)', 4, 1, 'CSE-B', 27, 1, '2025-26', '2025-11-15 04:46:21'),
(76, 'Computer Science & Engineering - B - 1st Year (Ms. Pournima Bhuyar)', 4, 1, 'CSE-B', 29, 1, '2025-26', '2025-11-15 04:46:38'),
(78, 'Mechanical Engineering - 1st Year (Ms. Pournima Bhuyar)', 4, 1, 'Mechanical', 29, 1, '2025-26', '2025-11-15 05:00:58'),
(79, 'IT - 1st Year (Dr. (Mrs.) Meghna Jumde ', 4, 1, 'IT', 51, 1, '2025-26', '2025-11-16 09:09:41'),
(80, 'IT - 1st Year (Ms. Vidya Raut)', 4, 1, 'IT', 52, 1, '2025-26', '2025-11-17 09:44:46'),
(81, 'IT - 1st Year (Ms. Pournima Bhuyar)', 4, 1, 'IT', 29, 1, '2025-26', '2025-11-17 12:50:56'),
(82, 'IT - 1st Year (Mr. Tushar Shelke)', 4, 1, 'IT', 55, 1, '2025-26', '2025-11-17 12:55:47'),
(83, 'IT - 1st Year (Ms. Divya Lande)', 4, 1, 'IT', 57, 1, '2025-26', '2025-11-17 12:56:08'),
(84, 'IT - 1st Year (Ms. Hitaishi Chauhan)', 4, 1, 'IT', 53, 1, '2025-26', '2025-11-17 12:57:29'),
(86, 'IT - 1st Year (Ms. Aayushi Sharma)', 4, 1, 'IT', 54, 1, '2025-26', '2025-11-17 13:00:12'),
(87, 'Civil Engineering - 1st Year (Ms. Vidya Raut)', 4, 1, 'Civil', 52, 1, '2025-26', '2025-11-17 16:56:56'),
(88, 'Mechanical Engineering - 1st Year (Ms. Aayushi Sharma)', 4, 1, 'Mechanical', 54, 1, '2025-26', '2025-11-17 16:59:11'),
(89, 'Electrical Engineering - 1st Year (Dr. jitendrabhaiswar)', 4, 1, 'Electrical', 59, 1, '2025-26', '2025-11-17 17:03:44'),
(90, 'Computer Science & Engineering - B - 1st Year (Ms. Hitaishi Chauhan)', 4, 1, 'CSE-B', 53, 1, '2025-26', '2025-11-17 17:05:13'),
(91, 'Computer Science & Engineering - A - 1st Year (Ms. Hitaishi Chauhan)', 4, 1, 'CSE-A', 53, 1, '2025-26', '2025-11-17 17:05:37');

-- --------------------------------------------------------

--
-- Table structure for table `class_subjects`
--

CREATE TABLE `class_subjects` (
  `id` int(11) NOT NULL,
  `class_id` int(11) NOT NULL,
  `subject_id` int(11) NOT NULL,
  `teacher_id` int(11) NOT NULL,
  `created_at` timestamp NOT NULL DEFAULT current_timestamp()
) ENGINE=InnoDB DEFAULT CHARSET=utf8mb4 COLLATE=utf8mb4_general_ci;

-- --------------------------------------------------------

--
-- Table structure for table `class_teachers`
--

CREATE TABLE `class_teachers` (
  `id` int(11) NOT NULL,
  `class_id` int(11) NOT NULL,
  `teacher_id` int(11) NOT NULL,
  `subject` varchar(200) DEFAULT NULL,
  `created_at` timestamp NOT NULL DEFAULT current_timestamp()
) ENGINE=InnoDB DEFAULT CHARSET=utf8mb4 COLLATE=utf8mb4_general_ci;

-- --------------------------------------------------------

--
-- Table structure for table `departments`
--

CREATE TABLE `departments` (
  `id` int(11) NOT NULL,
  `dept_name` varchar(100) NOT NULL,
  `dept_code` varchar(20) NOT NULL,
  `hod_id` int(11) DEFAULT NULL,
  `created_at` timestamp NOT NULL DEFAULT current_timestamp()
) ENGINE=InnoDB DEFAULT CHARSET=utf8mb4 COLLATE=utf8mb4_general_ci;

--
-- Dumping data for table `departments`
--

INSERT INTO `departments` (`id`, `dept_name`, `dept_code`, `hod_id`, `created_at`) VALUES
(4, '1st year', '1st Year -', 15, '2025-11-13 18:09:21');

-- --------------------------------------------------------

--
-- Table structure for table `parents`
--

CREATE TABLE `parents` (
  `id` int(11) NOT NULL,
  `parent_name` varchar(100) NOT NULL,
  `email` varchar(100) NOT NULL,
  `phone` varchar(15) NOT NULL,
  `photo` varchar(255) DEFAULT NULL,
  `password` varchar(255) NOT NULL,
  `student_id` int(11) NOT NULL,
  `relationship` enum('father','mother','guardian') NOT NULL,
  `created_at` timestamp NOT NULL DEFAULT current_timestamp()
) ENGINE=InnoDB DEFAULT CHARSET=utf8mb4 COLLATE=utf8mb4_general_ci;

--
-- Dumping data for table `parents`
--

INSERT INTO `parents` (`id`, `parent_name`, `email`, `phone`, `photo`, `password`, `student_id`, `relationship`, `created_at`) VALUES
(13, 'Mr. Rajendra Patil', 'rajendrapatil@gmail.com', '9545966656', 'parent_1763386691_691b2543570b2.jpeg', '$2y$10$70jxX4SoxjllzA2CG8TKAe5atjGEkAXVV4N8yZllH2B9EUcF6xF7S', 149, 'father', '2025-11-17 13:38:11');

-- --------------------------------------------------------

--
-- Table structure for table `students`
--

CREATE TABLE `students` (
  `id` int(11) NOT NULL,
  `roll_number` varchar(50) NOT NULL,
  `full_name` varchar(100) NOT NULL,
  `email` varchar(100) NOT NULL,
  `phone` varchar(15) DEFAULT NULL,
  `photo` varchar(255) DEFAULT NULL,
  `password` varchar(255) NOT NULL,
  `department_id` int(11) NOT NULL,
  `class_id` int(11) NOT NULL,
  `year` int(11) NOT NULL,
  `semester` int(11) NOT NULL,
  `admission_year` varchar(10) DEFAULT NULL,
  `is_active` tinyint(1) DEFAULT 1,
  `created_at` timestamp NOT NULL DEFAULT current_timestamp()
) ENGINE=InnoDB DEFAULT CHARSET=utf8mb4 COLLATE=utf8mb4_general_ci;

--
-- Dumping data for table `students`
--

INSERT INTO `students` (`id`, `roll_number`, `full_name`, `email`, `phone`, `photo`, `password`, `department_id`, `class_id`, `year`, `semester`, `admission_year`, `is_active`, `created_at`) VALUES
(34, 'CE-01', 'ADITYA CHANDRASHEKHAR MESHRAM', 'adityameshram_7229ce25@nit.edu.in', '8408903740', 'student_34_1763719715.png', '$2y$10$kEBPK1NMIF2ZZdYpgU71xuGZMioS9A356e5D851BZXxP1tYez6vBm', 4, 53, 1, 1, '2025', 1, '2025-11-15 06:39:24'),
(35, 'CE-02', 'ANIKET RAJENDRA BANSOD', 'aniketbansod_7241ce25@nit.edu.in', '7709878368', 'student_35_1763719744.png', '$2y$10$Hv7fs6N4bWeDckyQJc1amOyyGW7k6wy4ojiOh6n.wzXwzIIB.GNhO', 4, 53, 1, 1, '2025', 1, '2025-11-15 06:40:45'),
(36, 'CE-03', 'ANKUSH RAJENDRA ADAY', 'ankushaday_6969ce25@nit.edu.in', '9699841693', 'student_36_1763719769.png', '$2y$10$b/Qv6DZZbnESf2qPnArhz.d3DZpT/x.tb1m9oJktfUD0xgBx1e7oO', 4, 53, 1, 1, '2025', 1, '2025-11-15 06:41:25'),
(37, 'CE-04', 'ANSH RAHUL GAJBHIYE', 'anshgajbhiye_7209ce25@nit.edu.in', '7773994195', 'student_37_1763719804.png', '$2y$10$ATmsKToMYC7UAgPINEKXtuMtFcZh39PGZKksnosluvkNDijBdBGMO', 4, 53, 1, 1, '2025', 1, '2025-11-15 06:42:27'),
(38, 'CE-05', 'ANUSHKA DHANRAJ RAKSHASKAR', 'anushkarakshaskar_7144ce25@nit.edu.in', '8975703331', 'student_38_1763719828.png', '$2y$10$KRxM4G06bNX/56BV6ACZwO0B4UFz3xbmraDLN.8YRAqSNo0CsTWzq', 4, 53, 1, 1, '2025', 1, '2025-11-15 06:43:16'),
(39, 'ME-01', 'ABDUL ZISHAN ABDUL JAVED SHEIKH', 'abdulzishan_6967me25@nit.edu.in', '8767644897', 'student_39_1763720270.png', '$2y$10$leLV0K/KiaiHhAqsHV/Hvu7BxmGFoPmvUCPQsDjTsrw3.f/C9ASmW', 4, 63, 1, 1, '2025', 1, '2025-11-15 06:46:36'),
(40, 'ME-02', 'ADESH PURUSHOTTAM GAURAV', 'adeshgurav_6989me25@nit.edu.in', '9284298135', 'student_40_1763399270.jpeg', '$2y$10$tcgL2nj52d4NYblmOFEE/OBqa4ZJ7FhkjAnJqyQUxKGPrD2N6JrFe', 4, 63, 1, 1, '2025', 1, '2025-11-15 06:48:44'),
(41, 'ME-03', 'ADITYA RAJENDRA WADBUDHE', 'adityawadbudhe_6962me25@nit.edu.in', '9226853072', 'student_41_1763720428.png', '$2y$10$tcgL2nj52d4NYblmOFEE/OBqa4ZJ7FhkjAnJqyQUxKGPrD2N6JrFe', 4, 63, 1, 1, '2025', 1, '2025-11-15 06:49:45'),
(42, 'ME-04', 'AKASH RAJKUMAR BINZADE', 'akashbinzade_7035me25@nit.edu.in', '7030642853', 'student_42_1763720487.png', '$2y$10$tcgL2nj52d4NYblmOFEE/OBqa4ZJ7FhkjAnJqyQUxKGPrD2N6JrFe', 4, 63, 1, 1, '2025', 1, '2025-11-15 06:50:39'),
(43, 'ME-05', 'AMAN DINESH SHINGARE', 'amanshingare_7019me25@nit.edu.in', '9356375511', 'student_43_1763720546.png', '$2y$10$tcgL2nj52d4NYblmOFEE/OBqa4ZJ7FhkjAnJqyQUxKGPrD2N6JrFe', 4, 63, 1, 1, '2025', 1, '2025-11-15 06:51:31'),
(44, 'EE-01', 'AASTHA WASUDEO WANKHADE', 'aasthawankhade_7137ee25@nit.edu.in', '7666683239', 'student_44_1763720002.png', '$2y$10$ulz9EJkmvdWFqS4cVe7D6Oq0D//OFMzVxaQ8aWZTucpbqxYwp3Jvq', 4, 59, 1, 1, '2025', 1, '2025-11-15 06:54:07'),
(45, 'EE-02', 'AISHWARYA SANJAY THAKUR', 'aishwaryathakur_6939ee25@nit.edu.in', '9699755971', 'student_45_1763720025.png', '$2y$10$XvHKi/d8CuzfFzL34x9HbOCc/GjZyxg200GGkvtDoy/6KzoRxjUra', 4, 59, 1, 1, '2025', 1, '2025-11-15 06:55:15'),
(46, 'EE-03', 'AMBAR GAGAN KURANKAR', 'ambarkurankar_6946ee25@nit.edu.in', '9404679905', 'student_46_1763720041.png', '$2y$10$HVgvSgD9C5nfRhAy5xbE4e9RzJ3VRbPXUi49ynUkPPP8WR1Ybz3Qy', 4, 59, 1, 1, '2025', 1, '2025-11-15 06:56:27'),
(50, 'EE-04', 'ANJALI BANDU YEWALE', 'anjaliyewale_7054ee25@nit.edu.in', '9850560617', 'student_50_1763720069.png', '$2y$10$W1OWqk/h1v2G8V0x2xTgZ.C.pX9cnO2.XDIkQEteSwQJLkci53EXm', 4, 59, 1, 1, '2025', 1, '2025-11-15 07:01:14'),
(51, 'EE-05', 'ANKUSH BHUWANLAL TURKAR', 'ankushturkar_7276ee25@nit.edu.in', '8623037063', 'student_51_1763720095.png', '$2y$10$L8yNVNSBWt.ZkmNkKT8zOubyNnfMvIsBY7DvBnhDARDEncKlhwnxq', 4, 59, 1, 1, '2025', 1, '2025-11-15 07:03:02'),
(52, 'EE-06', 'ARYAN HEMRAJ NANDANWAR', 'aryannandanwar_6948ee25@nit.edu.in', '9579970030', 'student_52_1763720247.png', '$2y$10$tcgL2nj52d4NYblmOFEE/OBqa4ZJ7FhkjAnJqyQUxKGPrD2N6JrFe', 4, 59, 1, 1, '2025', 1, '2025-11-15 07:04:31'),
(53, 'EE-07', 'ARYAN VASANTA SAKHARE', 'aryansakhare_7168ee25@nit.edu.in', '9021201815', 'student_53_1763720162.png', '$2y$10$ce5b/LLJ1BniXoWw0PlUyexn7nF3BL4ZVHn/9Pit6glbplj7Q5DPK', 4, 59, 1, 1, '2025', 1, '2025-11-15 07:05:41'),
(59, 'BCSE-01', 'ANKITA ANIL CHANDANKHEDE', 'ankitachandankhede_7157cse25@nit.edu.in', '9960989041', 'student_59_1763719374.png', '$2y$10$/S6GT/.4CmWruxHwryOreuzWp2msqDjYg1MTcTKpHkbCVEDrEB6NG', 4, 74, 1, 1, '2025', 1, '2025-11-15 07:21:08'),
(60, 'BCSE-02', 'ANUSHKA SANJAYRAO RAUT', 'anushkaraut_7088cse25@nit.edu.in', '8208962296', 'student_60_1763719399.png', '$2y$10$DA9DpwVUq0Q52ppKxv5sK.qqLyTHfEVcU.bFDbE8ArkeTQkrU2Ed.', 4, 74, 1, 1, '2025', 1, '2025-11-15 07:22:09'),
(61, 'BCSE-03', 'ARYA GUNWANT LEDANGE', 'aryaledange_7188cse25@nit.edu.in', '9284356283', 'student_61_1763719452.png', '$2y$10$3bDsI7Ork2HDhMhye4FZCO9ZhGYu2Ew/1X/Tf2Io4QTTOQ/B6vbl2', 4, 74, 1, 1, '2025', 1, '2025-11-15 07:22:59'),
(62, 'BCSE-04', 'ARYA JOGENDRA BINZADE', 'aryabinzade_7028cse25@nit.edu.in', '8378912413', 'student_62_1763719474.png', '$2y$10$Hra6Tm7GSHXDkCpNR6RbRuEIX7k/4thGRiB.VQs3Gs5JYG2gtFdK.', 4, 74, 1, 1, '2025', 1, '2025-11-15 07:23:43'),
(63, 'BCSE-05', 'ARYAN HANSRAJ PATIL', 'aryanpatil_7198cse25@nit.edu.in', '8329139697', 'student_63_1763719643.png', '$2y$10$TK0KK6MZptebURyjdP7CGeycBkpY3SLoQjmHY/hrrnVsPonvGITtW', 4, 74, 1, 1, '2025', 1, '2025-11-15 07:24:32'),
(135, 'IT-01', 'AAVANYA VILAS KHANDAL', 'aavanyakhandal_7254it25@nit.edu.in', '9309050268', 'student_1763384669_691b1d5d50c4d.jpeg', '$2y$10$dkE2CiqDrIgZ8XmNUflph.Jbvka55b3M4BPnk.jNM1fOMtU3x3dia', 4, 79, 1, 1, '2025', 1, '2025-11-17 13:04:29'),
(136, 'IT-02', 'ADITYA ANIL GOUR', 'adityagour_7139it25@nit.edu.in', '7517629740', 'student_1763384781_691b1dcd98ca6.jpeg', '$2y$10$.8u5vCvxhSiz7qA7SdJNouMmVkTpQnh2NbmebUNEGqzGWTEjWAe7S', 4, 79, 1, 1, '2025', 1, '2025-11-17 13:06:21'),
(137, 'IT-03', 'ANSHIKA SANTOSH KUMAR NAGDEVE', 'anshikanagdeve_7072it25@nit.edu.in', '9623957788', 'student_1763384871_691b1e2726538.jpeg', '$2y$10$ZFAF0KmRc7zn9kgM3eZRX..BvKMrdMpEA4SuoMB03GY3.Kxn11Yem', 4, 79, 1, 1, '2025', 1, '2025-11-17 13:07:51'),
(138, 'IT-04', 'ANUJ BISEK NAKPURE', 'anujnakpure_7295it25@nit.edu.in', '9209464838', 'student_1763384952_691b1e784bf8e.jpeg', '$2y$10$xqY50yU3GOBte0FMEvoBCexC0/.jfHZEwF2t8oPZTZWHwDEeWyKmq', 4, 79, 1, 1, '2025', 1, '2025-11-17 13:09:12'),
(139, 'IT-05', 'ARYAN GAJANAN GHANMODE', 'aryanghanmode_6945it25@nit.edu.in', '8983216759', 'student_1763385007_691b1eaf1c9dc.jpeg', '$2y$10$f6foBcEUsevJ7YU3EXbmoudAxMnCoUn1dfVmyUEu.JLfNr7KKV.rC', 4, 79, 1, 1, '2025', 1, '2025-11-17 13:10:07'),
(140, 'IT-06', 'ARYAN SUNIL PATIL', 'aryanpatil_7307it25@nit.edu.in', '9322954125', 'student_1763385051_691b1edb8d40a.jpeg', '$2y$10$srQloiojStAK61YfLFsLnum0kwlQnZ0aQToyK5s0ZII4q70VQZpXS', 4, 79, 1, 1, '2025', 1, '2025-11-17 13:10:51'),
(141, 'IT-07', 'ARYAN VINOD MANGHATE', 'aryanmanghate_7081it25@nit.edu.in', '8329871648', 'student_1763385098_691b1f0abf1c8.jpeg', '$2y$10$rAATM3rKnEIDrO0nvij17u8pRTVMlA3YnMdc4JAeyv0O6cxY54ahC', 4, 79, 1, 1, '2025', 1, '2025-11-17 13:11:38'),
(142, 'IT-08', 'ATHARVA RAJENDRA SATIKOSARE', 'atharvasatikosare_7114it25@nit.edu.in', '9860052615', 'student_1763385142_691b1f3657db4.jpeg', '$2y$10$E7KIYNCIiTA5tF/2M0QE2uLlyOXygtz/TDgNH3D/8WrnN0YbPXkyK', 4, 79, 1, 1, '2025', 1, '2025-11-17 13:12:22'),
(143, 'IT-09', 'ATHARVA SANTOSH DEULKAR', 'atharvadeulkar_7187it25@nit.edu.in', '8956960820', 'student_1763385201_691b1f7129e7b.jpeg', '$2y$10$N5OYTGMALfObTdQNBOIlYeH.G6FkvEH/5CsNqCRMGkpO3lkypEB.u', 4, 79, 1, 1, '2025', 1, '2025-11-17 13:13:21'),
(144, 'IT-10', 'BHAKTI BALIRAM KURWADE', 'bhaktikurwade_7210it25@nit.edu.in', '7218427723', 'student_1763385249_691b1fa1ae71c.jpeg', '$2y$10$XH91g.XtwQJwE2q3C8YFJO9GtTsagcaIOupOWJh7z9zJA9ggT/Q3u', 4, 79, 1, 1, '2025', 1, '2025-11-17 13:14:09'),
(145, 'IT-11', 'DEVYANI RAJENDRA PAL', 'devyanipal_7263it25@nit.edu.in', '9209540013', 'student_1763385301_691b1fd5afc10.jpeg', '$2y$10$1TUICo9X3sT0R7zKV6ZGP.YNq7yMHzUsIH5QGifVYCzd1TlfbfGXS', 4, 79, 1, 1, '2025', 1, '2025-11-17 13:15:01'),
(146, 'IT-12', 'DHANASHREE DINESH MAHORKAR', 'dhanashreemahorkar_7180it25@nit.edu.in', '8237397356', 'student_1763385361_691b2011ae1a1.jpeg', '$2y$10$hjtkJ76wKhrbgsB8etlit.Vwtq/BmBMdGOj5q8oByDBvdbZGDZF.G', 4, 79, 1, 1, '2025', 1, '2025-11-17 13:16:01'),
(147, 'IT-13', 'DHANASHREE SHIVAJI KAYANDE', 'dhanashreekayande_7189it25@nit.edu.in', '9834835808', 'student_1763385471_691b207fcb159.jpeg', '$2y$10$rf5bXqFF8zvjoRj69I2uROjGeefmbOlGP7cE29Bmbk2ZNtzz7P9iu', 4, 79, 1, 1, '2025', 1, '2025-11-17 13:17:51'),
(148, 'IT-14', 'GAYATRI ARUN SHEWALKAR', 'gayatrishewalkar_7145it25@nit.edu.in', '8446456270', 'student_1763385516_691b20acec94e.jpeg', '$2y$10$3vv8toFxEuZQJp3d.wa4q.Y77OcdIZtn/K1Zswtz1XIA07Emhnygi', 4, 79, 1, 1, '2025', 1, '2025-11-17 13:18:36'),
(149, 'IT-15', 'HIMANSHU RAJENDRA PATIL', 'himanshupatil_7094it25@nit.edu.in', '8788209773', 'student_149_1763448609.png', '$2y$10$iRceNQNH6/P0enHQiplJgucmc16lGXe25WaQJgNFMVFNqzsj1yA8m', 4, 79, 1, 1, '2025', 1, '2025-11-17 13:20:30'),
(150, 'IT-16', 'KOMAL ATISH SHASTRAKAR', 'komalshastrakar_7275it25@nit.edu.in', '9637002755', 'student_1763386809_691b25b95743c.jpeg', '$2y$10$lewB/5edzUuI8h0vxZYbDe7fgv11XLaMTWUkV7iypJMI.sJrfNwA6', 4, 79, 1, 1, '2025', 1, '2025-11-17 13:40:09'),
(151, 'IT-17', 'KRUTIKA PRITAM BALPANDE', 'krutikabalpande_6998it25@nit.edu.in', '9881869681', 'student_151_1763386899.jpeg', '$2y$10$DwgYu0p3ie5uKPwf36yjquduwJfuARsApTy6JlDYBfymyhyVB5IOO', 4, 79, 1, 1, '2025', 1, '2025-11-17 13:41:01'),
(152, 'IT-18', 'KUNDAN GUNARAM GAIDHANE', 'kundangaidhane_7197it25@nit.edu.in', '9764851134', 'student_1763386976_691b26601c457.jpeg', '$2y$10$D2TUdCkkILsywoI9d9PnPegwTbN9PRv/PRqEE60/BqjfWtVj.ADWm', 4, 79, 1, 1, '2025', 1, '2025-11-17 13:42:56'),
(153, 'IT-19', 'MAMTA SUBHASH KOTHE', 'mamtakothe_7250it25@nit.edu.in', '8888442596', 'student_1763387034_691b269a722a0.jpeg', '$2y$10$LoYRC8i2hCjROonDA3Hn1.0o4Ec4KS5PLRCYE4eGJEZIkJigY0sHG', 4, 79, 1, 1, '2025', 1, '2025-11-17 13:43:54'),
(154, 'IT-20', 'MANASI VILAS SHEGAONKAR', 'manasishegaonkar_7151it25@nit.edu.in', '7385216816', 'student_1763387102_691b26dea258f.jpeg', '$2y$10$ZM78Bv7acBz9R9EqAqe0TuIeB0g86gYydBCtl49rMj4gX37au6x36', 4, 79, 1, 1, '2025', 1, '2025-11-17 13:45:02'),
(155, 'IT-21', 'MANASWI PRAKASH BHAWALKAR', 'manaswibhawalkar_7214it25@nit.edu.in', '8830546235', 'student_1763387143_691b27070d959.jpeg', '$2y$10$8.fULD9sYlRVsanj.sIsiOOC29t63pvY19jMFOpx/lAa2zbuozH0i', 4, 79, 1, 1, '2025', 1, '2025-11-17 13:45:43'),
(156, 'IT-22', 'NALINI RANJEET BISWAS', 'nalinibiswas_7111it25@nit.edu.in', '7517903753', 'student_1763387183_691b272fda7a5.jpeg', '$2y$10$AfuBeswNzKPUGaaxwCQ5/OW20OAAFTBLrB9fg0V4XeBoBwPrryiRi', 4, 79, 1, 1, '2025', 1, '2025-11-17 13:46:23'),
(157, 'IT-23', 'NARGIS BRAMHANAND CHAUDHARI', 'nargischaudhari_7108it25@nit.edu.in', '9356848498', 'student_1763387223_691b27570024d.jpeg', '$2y$10$wu8Hq1zrBXGN/Z6C7r8OP.DtHIgMZOtefNKPVYiLq5U6bkNzoAKM.', 4, 79, 1, 1, '2025', 1, '2025-11-17 13:47:03'),
(158, 'IT-24', 'NEHA DHANRAJ WAKDE', 'nehawakde_7062it25@nit.edu.in', '9552179076', 'student_1763387264_691b2780abc29.jpeg', '$2y$10$Igb.6Odr6iMgSCF77/E.F.QeZBw4sFwWMvPkF1wehrre7JTNMiy4q', 4, 79, 1, 1, '2025', 1, '2025-11-17 13:47:44'),
(159, 'IT-25', 'NIKITA DADARAO PATIL', 'nikitapatil_7084it25@nit.edu.in', '8600112994', 'student_1763387304_691b27a805899.jpeg', '$2y$10$xwMNyZkTVSrAiE2EdvnNaeHm9iD32Ej7QNeFFeBRTB4kmYN5FewuO', 4, 79, 1, 1, '2025', 1, '2025-11-17 13:48:24'),
(160, 'IT-26', 'OM NARENDRA AUSARMOL', 'omausarmol_7178it25@nit.edu.in', '8421214208', 'student_1763387360_691b27e0c0659.jpeg', '$2y$10$GEBnbAYWThQj7D.RjJHnsORINLl6jXlQmho3zVsa2On4Fj7ap5mUC', 4, 79, 1, 1, '2025', 1, '2025-11-17 13:49:20'),
(161, 'IT-27', 'OM RAMKRISHNA KHADATKAR', 'omkhadatkar_7274it25@nit.edu.in', '9028510918', 'student_1763387416_691b28189b382.jpeg', '$2y$10$S8RJY7Ch17Ol8XPF6IBeEuEt.nJ1U.Yjgo/EQ.vJ/50EfU7rz9gKi', 4, 79, 1, 1, '2025', 1, '2025-11-17 13:50:16'),
(162, 'IT-28', 'PIYUSH JAYRAM PRASAD', 'piyushprasad_7224it25@nit.edu.in', '7870276275', 'student_1763387460_691b28448f1aa.jpeg', '$2y$10$XNLCawLBofZ8H2kYwf3M0OVNmzFXRuHgCFMeDNNnUDkCQVT6Mmevm', 4, 79, 1, 1, '2025', 1, '2025-11-17 13:51:00'),
(163, 'IT-29', 'PRANAY YOGRAJ PANORE', 'pranaypanore_6981it25@nit.edu.in', '9699151494', 'student_163_1763448683.png', '$2y$10$iUSIqHJMYL/GXcUiO4AoRO4.dbG3tEGEuiYvteiYVqrqb6RQWXryu', 4, 79, 1, 1, '2025', 1, '2025-11-17 13:51:43'),
(164, 'IT-30', 'PRANJALI RAJESH BARGATH', 'pranjalibargath_7238it25@nit.edu.in', '9699128614', 'student_1763387557_691b28a567b61.jpeg', '$2y$10$nIEOL2wpjtzXSFBntUgNn.D1yP0EwokHxC7s7i9gURV7k8OHtqjRq', 4, 79, 1, 1, '2025', 1, '2025-11-17 13:52:37'),
(165, 'IT-31', 'PRATHMESH PREMDAS NICHANT', 'prathmeshnichant_7291it25@nit.edu.in', '9689070135', 'student_1763387613_691b28ddc88ce.jpeg', '$2y$10$2Cc.7ghNoeXlg9LvxTYf.en5n.CNwn6IsaBNt.8V.TWe.E2kmrqsK', 4, 79, 1, 1, '2025', 1, '2025-11-17 13:53:33'),
(166, 'IT-32', 'PREETI JIYALAL SHAHU', 'preetishahu_7052it25@nit.edu.in', '9322278183', 'student_1763387691_691b292b90340.jpeg', '$2y$10$0G0igYIKAtk7XvR/SCoUYe307b8E24dfsO.KuPFUyl1EJAMDpiRA2', 4, 79, 1, 1, '2025', 1, '2025-11-17 13:54:51'),
(167, 'IT-33', 'PURVA RAJESH REWATKAR', 'purvarewatkar_7184it25@nit.edu.in', '9699627399', 'student_1763387748_691b296428b27.jpeg', '$2y$10$G2o9rY9qrGzaJzG9V17r4OdGrlblUqCo1t8xaVsSneXg.Ql.JwlFe', 4, 79, 1, 1, '2025', 1, '2025-11-17 13:55:48'),
(168, 'IT-34', 'RITESH PANJAB DHULASE', 'riteshdhulase_7095it25@nit.edu.in', '9356608789', 'student_1763387806_691b299e7f455.jpeg', '$2y$10$VAfBH9AAiASyoIQm5y3wme/CEb6n/QoKXW9.ntlt2Y9enZ22I3MWi', 4, 79, 1, 1, '2025', 1, '2025-11-17 13:56:46'),
(169, 'IT-35', 'RIYA KISHOR YELEKAR', 'riyayelekar_7153it25@nit.edu.in', '8928068265', 'student_1763387874_691b29e2a451a.jpeg', '$2y$10$JwtfsuyjcQWSH6nW9C5AjeG1.T2emQ4FnIEnt7aHsF6vzl5wJLeAe', 4, 79, 1, 1, '2025', 1, '2025-11-17 13:57:54'),
(170, 'IT-36', 'RIYA PRASHANT JAMGADE', 'riyajamgade_7271it25@nit.edu.in', '9022093269', 'student_1763387926_691b2a163d218.jpeg', '$2y$10$0F/u588dcCl71OyMOE38BOhLTmKStoM7xr7XjLF1MxyE.BWCauLD6', 4, 79, 1, 1, '2025', 1, '2025-11-17 13:58:46'),
(171, 'IT-37', 'RIYA SANTOSH BHAGAT', 'riyabhagat_7130it25@nit.edu.in', '8390008309', 'student_1763387976_691b2a48bf6e3.jpeg', '$2y$10$G52n5MZrXkpteYfyxjVBkezsYNSfRaguifL4eD8XiX7mtj0Znwdwm', 4, 79, 1, 1, '2025', 1, '2025-11-17 13:59:36'),
(172, 'IT-38', 'RIYA SANTOSH MUSALE', 'riyamusale_7194it25@nit.edu.in', '9307275418', 'student_1763388034_691b2a823f864.jpeg', '$2y$10$3jtSpMgRPiHUn.6WVRRbleX9wZTLSUGwbfoxmanIff/tRgnB5XOR.', 4, 79, 1, 1, '2025', 1, '2025-11-17 14:00:34'),
(173, 'IT-39', 'ROHAN PRAMOD KHADSE', 'rohankhadse_7107it25@nit.edu.in', '9284023176', 'student_1763388086_691b2ab6aed84.jpeg', '$2y$10$57CyN28UvEiMRLUoJCPyRePI73Q25zNHrae6vMCq2lh9mMZ7PXH8e', 4, 79, 1, 1, '2025', 1, '2025-11-17 14:01:26'),
(174, 'IT-40', 'ROHIT RUPCHAND KHOBRAGADE', 'rohitkhobragade_7313it25@nit.edu.in', '9021550328', 'student_1763388134_691b2ae6d9f56.jpeg', '$2y$10$jA3Oqp8nbl/t5UFGr9PJaukgIyayJuLH4/Pv6imM4lqcB.AuhBlc2', 4, 79, 1, 1, '2025', 1, '2025-11-17 14:02:14'),
(175, 'IT-41', 'ROHIT SANDIP RATHOD', 'rohitrathod_6996it25@nit.edu.in', '7410761022', 'student_1763388185_691b2b19d297d.jpeg', '$2y$10$G3Ib1avO86y7sQrsu9pMeON3ESIMVAtTQV/h9ZGER2Nb1.EFV5wJS', 4, 79, 1, 1, '2025', 1, '2025-11-17 14:03:05'),
(176, 'IT-42', 'SAKSHI MORESHWAR MESHRAM', 'sakshimeshram_7192it25@nit.edu.in', '9322403889', 'student_1763388235_691b2b4bd7da9.jpeg', '$2y$10$uF4qubwL53kNj3NSh4LUG.RSEkY0LdtW3yu2YzRg0BCoTxEPGK6Pi', 4, 79, 1, 1, '2025', 1, '2025-11-17 14:03:55'),
(177, 'IT-43', 'SALONI PURUSHOTTAM CHOPDE', 'salonichopde_7248it25@nit.edu.in', '8459599077', 'student_1763388287_691b2b7fe3fa3.jpeg', '$2y$10$EOpqqQyK7hQC0SP9LyhSkuPlyk4OZCMw6uUm1c8Ms/zi.wZpAcrty', 4, 79, 1, 1, '2025', 1, '2025-11-17 14:04:47'),
(178, 'IT-44', 'SAMARTH KISHOR BHOYAR', 'samarthbhoyar_7099it25@nit.edu.in', '9322348535', 'student_1763388350_691b2bbe25e3b.jpeg', '$2y$10$awkbgkCglr/s9dKNk0paXe8gj2tkhUa7ulHR9VcSS9dQXqxodjoEW', 4, 79, 1, 1, '2025', 1, '2025-11-17 14:05:50'),
(179, 'IT-45', 'SAMIKSHA PRAKASH KANERE', 'samikshakanere_7278it25@nit.edu.in', '9764573116', 'student_1763388395_691b2beba7e17.jpeg', '$2y$10$Iu8nf.FJC8XLtWi8icU/u.TDUJMjJBi99aJ6YDS4M/IK72YMkt/Ru', 4, 79, 1, 1, '2025', 1, '2025-11-17 14:06:35'),
(180, 'IT-46', 'SAROJ HARIDAS BAGDE', 'sarojbagde_7306it25@nit.edu.in', '8983816886', 'student_1763388456_691b2c2806b6e.jpeg', '$2y$10$a8PyNcNbhUrqqU4gPFgWb.qaUWvG9qgxMbNfzhgnw60PKD22.Vp8q', 4, 79, 1, 1, '2025', 1, '2025-11-17 14:07:36'),
(181, 'IT-47', 'SARTHAK VILAS MESHRAM', 'sarthakmeshram_7102it25@nit.edu.in', '9766302812', 'student_1763388505_691b2c59505a8.jpeg', '$2y$10$LupvlwPUDZJQ/z8Iqo49WeCK5HEhCsUd/slCuqfK/QO.IjoUBA0vq', 4, 79, 1, 1, '2025', 1, '2025-11-17 14:08:25'),
(182, 'IT-48', 'SHIVRAJ GANGADHAR DHAVALE', 'shivrajdhavale_7201it25@nit.edu.in', '8805577509', 'student_1763388548_691b2c8497b78.jpeg', '$2y$10$sQ4asvrlndQd0nfO4Ncf8.p9VapXjh.jC2VUHjqIYrrZr0VCa9MaW', 4, 79, 1, 1, '2025', 1, '2025-11-17 14:09:08'),
(183, 'IT-49', 'SHRAVANI RAMESHWAR AMBULKAR', 'shravaniambulkar_7196it25@nit.edu.in', '9284517546', 'student_1763388598_691b2cb62fd77.jpeg', '$2y$10$2vjcqoyM.1O/uIvAG7DYGesN85RXJJrhksGNoBLKe2j7DQMpzhuR6', 4, 79, 1, 1, '2025', 1, '2025-11-17 14:09:58'),
(184, 'IT-50', 'SHRUTI SANJAY WANDEKAR', 'shrutiwandekar_7205it25@nit.edu.in', '9673908512', 'student_1763388642_691b2ce29776e.jpeg', '$2y$10$kLJZfe21nWAdmQIn5QBvwebiD4oWuHxBPalA6NxT/DCnQqgMRhuGq', 4, 79, 1, 1, '2025', 1, '2025-11-17 14:10:42'),
(185, 'IT-51', 'SHRUTI SEWAK KOHAD', 'shrutikohad_7303it25@nit.edu.in', '9075288540', 'student_1763388691_691b2d1341579.jpeg', '$2y$10$qZ.0oMEGSxgZhdiFt9jVCeloYRggZe/cE5TWDSchs6ndjFGfdjhZa', 4, 79, 1, 1, '2025', 1, '2025-11-17 14:11:31'),
(186, 'IT-52', 'SHUBHAM SANJAY PAWAR', 'shubhampawar_7142it25@nit.edu.in', '9373964092', 'student_1763388746_691b2d4abca7f.jpeg', '$2y$10$CmcUjWZYzioQHo2E5X./m.Q6AmrTBAzgs3symBhFel.or4ICZ47xu', 4, 79, 1, 1, '2025', 1, '2025-11-17 14:12:26'),
(187, 'IT-53', 'SIDDHANT RAJESH MAGARDE', 'siddhantmagarde_7159it25@nit.edu.in', '9322165638', 'student_1763388792_691b2d78733ce.jpeg', '$2y$10$J/EzAWJH4U8Z2iCFshj1KucM9RktPGq3mK4Oo1Fz0gkT19rSN.DYu', 4, 79, 1, 1, '2025', 1, '2025-11-17 14:13:12'),
(188, 'IT-54', 'SOHAM DINESH GULHANE', 'sohamgulhane_7193it25@nit.edu.in', '9359947568', 'student_1763388831_691b2d9f9734c.jpeg', '$2y$10$yUoz/29ENe0mMVKUV2Bx/ey3PTd0YcjDL1YQyq4z3aaqIhxJdowtO', 4, 79, 1, 1, '2025', 1, '2025-11-17 14:13:51'),
(189, 'IT-55', 'SUJAL BHANUDAS WANODE', 'sujalwanode_7302it25@nit.edu.in', '9359045425', 'student_1763388882_691b2dd2881cf.jpeg', '$2y$10$KT0VjmvgzfUd2UM4ToZL..nHXAXJ0SSie8CNu8u4I3TM67OwyvDAy', 4, 79, 1, 1, '2025', 1, '2025-11-17 14:14:42'),
(190, 'IT-56', 'SUJAL GAUTAM DABRASE', 'sujaldabrase_6932it25@nit.edu.in', '9767738051', 'student_1763388935_691b2e078daeb.jpeg', '$2y$10$Kd7BJO5U7OKqSmaSv5cA5OtlBqw9pdBScKrZI0MFSLjS4E8q8NYqC', 4, 79, 1, 1, '2025', 1, '2025-11-17 14:15:35'),
(191, 'IT-57', 'TANVI SUNIL GHATOL', 'tanvighatol_7133it25@nit.edu.in', '9850794193', 'student_1763388981_691b2e35a8cfc.jpeg', '$2y$10$c6bvI8nBghabX8yAINrp7OstgISbuYeymi98NWX4Ts2cCv74mTg3e', 4, 79, 1, 1, '2025', 1, '2025-11-17 14:16:21'),
(192, 'IT-59', 'UTTARA RAVINDRA BHOYAR', 'uttarabhoyar_7249it25@nit.edu.in', '9370338423', 'student_1763389078_691b2e961124c.jpeg', '$2y$10$tu5M62uK1aZPjB7yA5/h2.aTLov/eUV4LqYcUbVDLJ0tjeWwPr5d.', 4, 79, 1, 1, '2025', 1, '2025-11-17 14:17:58'),
(193, 'IT-60', 'UTTARANSHI PANKAJ CHOUDHARY', 'uttaranshichoudhary_7085it25@nit.edu.in', '7276070340', 'student_1763389131_691b2ecb6d309.jpeg', '$2y$10$AeWvsQoqLdaMmz2kCZUZ/OBT1DdjbIfvZUC9Ds4OZQUxG45G/1QIG', 4, 79, 1, 1, '2025', 1, '2025-11-17 14:18:51'),
(194, 'IT-61', 'VANSHIKA SANJAY NAGPURE', 'vanshikanagpure_7243it25@nit.edu.in', '7620103872', 'student_1763389181_691b2efd9d812.jpeg', '$2y$10$sLuHFAo8Kj6ZtP5VPttFJuPLEoyCankjq6Uycavz2RoCMGCE.zSiO', 4, 79, 1, 1, '2025', 1, '2025-11-17 14:19:41'),
(195, 'IT-62', 'VEDANT VIJAYRAO GHARDE', 'vedantgharde_7143it25@nit.edu.in', '7276039131', 'student_1763389228_691b2f2c2b7a8.jpeg', '$2y$10$RPirpA6Ajk5oIgbKfuSf2eK8.Vv1wILm2QvobQnJe24nTVsN4Av2G', 4, 79, 1, 1, '2025', 1, '2025-11-17 14:20:28'),
(196, 'CE-06', 'ARIYA HARIDAS SOMKUWAR', 'ariyasomkuwar_6966ce25@nit.edu.in', '8830864633', 'student_1763689821_691fc55de313e.png', '$2y$10$S1hWs1tJ0kKJmqI1iHNn9.8FPhFxcSfiDZr3ZM/nRWPtY7T2IklJi', 4, 49, 1, 1, '2025', 1, '2025-11-21 01:50:21'),
(197, 'CE-07', 'ARYAN PRAKASH RAMTEKE', 'aryanramteke_7013ce25@nit.edu.in', '7397808140', 'student_197_1763689942.png', '$2y$10$YcsMPcuPd58e1g2/aOBYfewbJMeHas7z2UEqZfP/VYu5YTXfkMhmy', 4, 49, 1, 1, '2025', 1, '2025-11-21 01:51:28'),
(203, 'CE-08', 'ARYAN PUSARAM WANJARI', 'aryanwanjari_6987ce25@nit.edu.in', '9579309429', 'student_1763699679_691febdf23870.png', '$2y$10$CGegOlGbvNigKYnEf.Xhh./LXynSULjE448A.x8.6bnflSgqsQeN6', 4, 49, 1, 1, '2025', 1, '2025-11-21 04:34:39'),
(207, 'CE-09', 'CHAITALI GOURISHANKAR DURBUDE', 'chaitalidurbude_7057ce25@nit.edu.in', '8149989912', 'student_1763699941_691fece50f000.png', '$2y$10$Pw.K1HPCFnOWrw9dkaM9HOKuOYGEFWxruovmwdhqldTSYQf7Oc9JW', 4, 49, 1, 1, '2025', 1, '2025-11-21 04:39:01'),
(208, 'CE-10', 'CHAITANYA SUBHASH BHAJBHUJE', 'chaitanyabhajbhuje_7288ce25@nit.edu.in', '7767854471', 'student_1763699978_691fed0ad1b57.png', '$2y$10$PkHTePvcrCzdhKP4RF04COV6lcMCSZ11nID48tkqUi9Jzj58hRdMa', 4, 49, 1, 1, '2025', 1, '2025-11-21 04:39:38'),
(209, 'CE-11', 'DEEP RAVINDRA WAKADE', 'deepwakade_7147ce25@nit.edu.in', '9975289996', 'student_209_1763719959.png', '$2y$10$1hoNX94JzO.tdSQFg4cKKO2cqpk6WDgAhupezpHoN8OLiFlrrt6ge', 4, 49, 1, 1, '2025', 1, '2025-11-21 04:40:21'),
(210, 'CE-12', 'DHANASHRI VISHVESHWAR SOMKUWAR', 'dhanashrisomkuwar_6974ce25@nit.edu.in', '9673927505', 'student_1763700062_691fed5e002d1.png', '$2y$10$tCkO7EUFlHSf6dn7m4hgWOyOIIGPXgTNY4sLqGGXq208lJZ7hU/8S', 4, 49, 1, 1, '2025', 1, '2025-11-21 04:41:02'),
(211, 'CE-13', 'DISHANT RAMESH PATIL', 'dishantpatil_7083ce25@nit.edu.in', '9890285063', 'student_1763700104_691fed88b2d82.png', '$2y$10$klTqGOV5dFgjxuuUSUjZ/e/sJAWvg1aWat65Yfz3KRX5KVYYvmzsG', 4, 49, 1, 1, '2025', 1, '2025-11-21 04:41:44'),
(212, 'CE-14', 'DIYA RAKESH POREDDIWAR', 'diyaporeddiwar_7216ce25@nit.edu.in', '8010554690', 'student_1763700147_691fedb357e4c.png', '$2y$10$nHmuizmKV4Hnao0v51lOJer4T3mE/lvQLrhCL0eOZ1P04qMgeNuBq', 4, 49, 1, 1, '2025', 1, '2025-11-21 04:42:27'),
(213, 'CE-15', 'DIYA TEJKUMAR PUNVATKAR', 'diyapunvatkar_7272ce25@nit.edu.in', '8432402050', 'student_1763700184_691fedd8ef488.png', '$2y$10$xV.kBKqTpRvqfyP7Q2NLkecBvA1omDV66nW8jbgbP1xGoceRQkE4K', 4, 49, 1, 1, '2025', 1, '2025-11-21 04:43:04'),
(214, 'CE-16', 'HITESH PRASHANT WAGHE', 'hiteshwaghe_6997ce25@nit.edu.in', '8767734289', 'student_1763700239_691fee0f7db29.png', '$2y$10$HL30fxLmWxzlBYRP4fXwhO/Ksu1sDO16ZkMyqkb9IbWOtMumkQPfi', 4, 49, 1, 1, '2025', 1, '2025-11-21 04:43:59'),
(215, 'CE-17', 'KANAK AMOL GAIDHANI', 'kanakgaidhani_7008ce25@nit.edu.in', '9834528465', 'student_1763700289_691fee41f2c0d.png', '$2y$10$IDzql/AyRBuyB6ytSUdgEOOPobnfCkCna0y/BL4ChKTpVz0VJqrT.', 4, 49, 1, 1, '2025', 1, '2025-11-21 04:44:49'),
(216, 'CE-18', 'KRUTIKA PRAVIN KELWADKAR', 'krutikakelwadkar_7220ce25@nit.edu.in', '9356766727', 'student_1763700350_691fee7e630b0.png', '$2y$10$VpSldaQ1jer.2UF0WIckzeS53lyFDdyOXrzYRRxAD9NKDhGLrCLB.', 4, 49, 1, 1, '2025', 1, '2025-11-21 04:45:50'),
(217, 'CE-19', 'MADHAVI RAVINDRA BAWANTHADE', 'madhavibawanthade_7257ce25@nit.edu.in', '9922637581', 'student_1763700388_691feea4998da.png', '$2y$10$Du6ilFq1PFQh8Pd/Hm9CLe.KLAi0G8AOY3ZvfoirfjxgOseRtrDyC', 4, 49, 1, 1, '2025', 1, '2025-11-21 04:46:28'),
(218, 'CE-20', 'MAHI SOMESHWAR ILAMKAR', 'mahiilamkar_6985ce25@nit.edu.in', '9850802290', 'student_1763700425_691feec90ff39.png', '$2y$10$VxgUnwKIQpvLP7yqu0LJJOHuuM9stg9egxA.Y4lSr2H.fhoq0kr7.', 4, 49, 1, 1, '2025', 1, '2025-11-21 04:47:05'),
(219, 'CE-21', 'MANASVI AMAR DHANREL', 'manasvidhanrel_7061ce25@nit.edu.in', '9766162139', 'student_1763700464_691feef058707.png', '$2y$10$urp4BrTA7cp5.BFrV4qnc.YnMyjnpQlKw7Nfd9iadsnL0atwvfytO', 4, 49, 1, 1, '2025', 1, '2025-11-21 04:47:44'),
(220, 'CE-22', 'MAYANK KAILAS KHORGADE', 'mayankkhorgade_7053ce25@nit.edu.in', '9766643002', 'student_1763700503_691fef17217de.png', '$2y$10$1FgDnLE1NiTwbkxf.Nwac.i0V1cKGIHMyWtlWIk.XrfBnsTCtncCS', 4, 49, 1, 1, '2025', 1, '2025-11-21 04:48:23'),
(221, 'CE-23', 'MEET LAXMINARAYAN MANE', 'meetmane_7204ce25@nit.edu.in', '8010844253', 'student_1763700547_691fef43b5cbf.png', '$2y$10$hDZlqtjlHSkIFmjO9vgRFeCFXoSWc0igBcIjhPAT.GpXdwgTC5rIe', 4, 49, 1, 1, '2025', 1, '2025-11-21 04:49:07'),
(222, 'CE-24', 'MOHD TAHA MOHD NADEEMUDDIN KHATIB', 'mohdtaha_7006ce25@nit.edu.in', '8275936493', 'student_1763700588_691fef6c168b4.png', '$2y$10$7ViIUjpDwSA9f63BEWtbDeU46nrlYprgZiHMIfFepRQ6t/2LkmQk.', 4, 49, 1, 1, '2025', 1, '2025-11-21 04:49:48'),
(223, 'CE-25', 'MUSKAN PRAVIN MESHRAM', 'muskanmeshram_7043ce25@nit.edu.in', '9764885585', 'student_1763700641_691fefa16818e.png', '$2y$10$jzKmAEZgDVjy2PMLKK3AvOMT7DjWAjFxdd51oDbdDjyAo/yq3Rv4C', 4, 49, 1, 1, '2025', 1, '2025-11-21 04:50:41'),
(224, 'CE-27', 'NIKHIL PRAMOD BRAMHANE', 'nikhilbramhane_7024ce25@nit.edu.in', '8010026623', 'student_1763700692_691fefd46bf2e.png', '$2y$10$UopqiERr2qitZrlSundQAuUnaS1rucKIkXX4oDT1EZ03HC0aNmCjK', 4, 49, 1, 1, '2025', 1, '2025-11-21 04:51:32'),
(225, 'CE-28', 'NISHA DEVENDRA DHARMIK', 'nishadharmik_6959ce25@nit.edu.in', '9373197042', 'student_1763700742_691ff00634a35.png', '$2y$10$z6M0tcPvMucMhYpjgHDnqe0qfSrlxwZ.zUSwaiO5T3ylQ0S5YkfgC', 4, 49, 1, 1, '2025', 1, '2025-11-21 04:52:22'),
(226, 'CE-29', 'PAYAL ANIL LENDE', 'payallende_7309ce25@nit.edu.in', '8007685773', 'student_1763700784_691ff030436c8.png', '$2y$10$9YmGBC9iwhcLi3tG85NSuuZkRIKlCEA.Yt6DgOo0FTJFDn26RfoEi', 4, 49, 1, 1, '2025', 1, '2025-11-21 04:53:04'),
(227, 'CE-30', 'PRACHI RAJESH PATIL', 'prachipatil_7105ce25@nit.edu.in', '9325388673', 'student_1763700890_691ff09ae67ac.png', '$2y$10$PFYj5.K.BSePuZR.whf8LOnA1Dsu70EtL4mPmkwdnEkfKcwGUvxua', 4, 49, 1, 1, '2025', 1, '2025-11-21 04:54:50'),
(228, 'CE-31', 'PRAJWAL ISHWAR BORKAR', 'prajwalborkar_7121ce25@nit.edu.in', '7057394146', 'student_1763700930_691ff0c267736.png', '$2y$10$Jc1MCUdsx6AgTUzAOgMbeOT9BsvQ61ZGS3bIvWKEXH6QWyUSgCz0G', 4, 49, 1, 1, '2025', 1, '2025-11-21 04:55:30'),
(229, 'CE-32', 'RADHESHAM RAJENDRA RATHOD', 'radheshamrathod_6983ce25@nit.edu.in', '8329095135', 'student_1763700985_691ff0f9539fc.png', '$2y$10$u2MY4XhXzLH3mBLSjfg1yO.Jdu7XZWDAEMn3XMSfi0FZXJJfhwvje', 4, 49, 1, 1, '2025', 1, '2025-11-21 04:56:25'),
(230, 'CE-33', 'RAGHAV MOTIDAS NAGPURE', 'raghavnagpure_7109ce25@nit.edu.in', '9403004989', 'student_1763701038_691ff12e88b2c.png', '$2y$10$nspYN8x9SqI80sxwr70cGO4pmUYZTv8OIZjAkfsGtUFnagXOb81L6', 4, 49, 1, 1, '2025', 1, '2025-11-21 04:57:18'),
(231, 'CE-34', 'RESHMI PRAMOD NIKHADE', 'reshminikhade_6940ce25@nit.edu.in', '9172101958', 'student_1763701085_691ff15d5f9f6.png', '$2y$10$q3.cKkcIJbqwOg.ALfkPe.UVHjbwy7e9hlMNUSSYFJEwSQOmf7SIS', 4, 49, 1, 1, '2025', 1, '2025-11-21 04:58:05'),
(232, 'CE-35', 'RUDRAKSH ROSHAN NANETKAR', 'rudrakshnanetkar_6935ce25@nit.edu.in', '9503333085', 'student_1763701135_691ff18f7bd4a.png', '$2y$10$DJRXqSs2sdJdjHuw2BrHEeCiztRBqH0wy4y93IIwrf0xfgri2Op4C', 4, 49, 1, 1, '2025', 1, '2025-11-21 04:58:55'),
(233, 'CE-36', 'SAHIL BALU PAWAR', 'sahilpawar_7113ce25@nit.edu.in', '7498747134', 'student_1763701173_691ff1b5edbf2.png', '$2y$10$SseS2WW81Pt6FRWD1PQTTOoyRPqOk83UgYbDplHuET1aJCEFYF17i', 4, 49, 1, 1, '2025', 1, '2025-11-21 04:59:33'),
(234, 'CE-37', 'SAKSHI SUNIL LAMBKANE', 'sakshilambkane_7086ce25@nit.edu.in', '9921381419', 'student_1763701238_691ff1f6b7131.png', '$2y$10$Md7VJhJqUCvWkLw/SsthEu.lt8KhkKJy5g5ix5Zl5OQTxDpwJ4Nea', 4, 49, 1, 1, '2025', 1, '2025-11-21 05:00:38'),
(235, 'CE-38', 'SALONI SUDESH GAJBHIYE', 'salonigajbhiye_7004ce25@nit.edu.in', '7666492561', 'student_1763701283_691ff2231eb6e.png', '$2y$10$q/TX3DWjiEpG/h3kFV5UMuETWx2F9UUX4jBv2OG5Pydgbs/qoBKAW', 4, 49, 1, 1, '2025', 1, '2025-11-21 05:01:23'),
(236, 'CE-39', 'SANKET DARASING CHOUDHARI', 'sanketchoudhari_7298ce25@nit.edu.in', '8626009469', 'student_1763701325_691ff24d1e7ab.png', '$2y$10$eu7UzOXfl.FMunhTf.E.3.dsKcjvgHVUlWVnEaOvn2S2OcRIlK8k2', 4, 49, 1, 1, '2025', 1, '2025-11-21 05:02:05'),
(237, 'CE-40', 'SHITAL RAMPAT WARTHI', 'shitalwarthi_7023ce25@nit.edu.in', '9209188194', 'student_1763701363_691ff2737fe51.png', '$2y$10$7cwjYELwzS.yqCFwcStF/eAKcqYFdu9zci2Usw89luqnakBzLp/va', 4, 49, 1, 1, '2025', 1, '2025-11-21 05:02:43'),
(238, 'CE-41', 'SHREYA BANDUJI SONTAKKE', 'shreyasontakke_7175ce25@nit.edu.in', '9518305816', 'student_1763701406_691ff29ea9dcd.png', '$2y$10$ro4x6hXH/es9DDr8duqu2e4uryUxoMom.cZoBDhuG3WCNyoW1bGCO', 4, 49, 1, 1, '2025', 1, '2025-11-21 05:03:26'),
(239, 'CE-42', 'SHUBHAM VILAS CHAVHAN', 'shubhamchavhan_7311ce25@nit.edu.in', '9822454682', 'student_1763701454_691ff2ce16395.png', '$2y$10$H/fDsLQV/EXOeN1lzmUKX.kj2lt53eXwe/avs7UEV6.yzbnR3MjIy', 4, 49, 1, 1, '2025', 1, '2025-11-21 05:04:14'),
(240, 'CE-43', 'SUBODH UMESH KHANDEKAR', 'subodhkhandekar_7063ce25@nit.edu.in', '9356291762', 'student_1763701494_691ff2f6098b3.png', '$2y$10$ckD80ec09/GawWMOdGIekeDwMYx1.OlHP2UTF95ME/yz3zZ2KTIXa', 4, 49, 1, 1, '2025', 1, '2025-11-21 05:04:54'),
(241, 'CE-44', 'SUDHANSHU NISHILESH WANDRE', 'sudhanshuwandre_7173ce25@nit.edu.in', '9527007795', 'student_1763701537_691ff3215908c.png', '$2y$10$M939Gdh0MpNDggbcghI97eixO7V4R3KlDZPN5aEDSkU4XvPzgttyi', 4, 49, 1, 1, '2025', 1, '2025-11-21 05:05:37'),
(242, 'CE-45', 'SUMIT JAGDISH KAWALE', 'sumitkawale_7120ce25@nit.edu.in', '9322746313', 'student_1763701571_691ff343466c0.png', '$2y$10$TtjeMbeFmQAu4LrIaNWEGeR9V9PiX67BvzrhjY/Tq/QrY1t04vHoy', 4, 49, 1, 1, '2025', 1, '2025-11-21 05:06:11'),
(243, 'CE-46', 'SUNABH NAVNEET BORKAR', 'sunabhborkar_6973ce25@nit.edu.in', '8668696295', 'student_1763701605_691ff365a53dc.png', '$2y$10$q2flAMHtUDMxOmsiUuSeNuA0ZmOMcagsIezBVdbPh9o7JDoTEJhr2', 4, 49, 1, 1, '2025', 1, '2025-11-21 05:06:45'),
(244, 'CE-47', 'SUSHANT YOGENDRA TAMBE', 'sushanttambe_7218ce25@nit.edu.in', '9373275493', 'student_1763701644_691ff38ceaa0a.png', '$2y$10$9PC9GRpR8xSgliRb.8pkI.4yjhfTmdr379k3EBvRqv4Pd9VKNwAUa', 4, 49, 1, 1, '2025', 1, '2025-11-21 05:07:24'),
(245, 'CE-48', 'SWAMINI PURUSHOTTAM RAUT', 'swaminiraut_7040ce25@nit.edu.in', '8208794239', 'student_1763701685_691ff3b5c132f.png', '$2y$10$5qdZZR/92lxAIlKMfen8Uur8DqCaFV3SJ.5Q7w0fcx73ESwRE11JC', 4, 49, 1, 1, '2025', 1, '2025-11-21 05:08:05'),
(246, 'CE-49', 'TANMAY PRASHANT WALKE', 'tanmaywalke_7232ce25@nit.edu.in', '9209385689', 'student_1763701724_691ff3dc5b6ea.png', '$2y$10$Oo4Bc.TMJDR0aTQ61naubuNeIIFQdp2MrNL6hVUZZDXtGx6WHr1DC', 4, 49, 1, 1, '2025', 1, '2025-11-21 05:08:44'),
(247, 'CE-50', 'TANMAY SURESH BHANARE', 'tanmaybhanare_7132ce25@nit.edu.in', '9930026331', 'student_1763701772_691ff40c43258.png', '$2y$10$iC6XpusOKdl7uBvwPDHn2eWfoMYrY9SHL03Q5X4KxbsmPWQ8Ujepi', 4, 49, 1, 1, '2025', 1, '2025-11-21 05:09:32'),
(248, 'CE-51', 'TANUJA PURUSHOTTAM LOLE', 'tanujalole_7041ce25@nit.edu.in', '9579625729', 'student_1763701858_691ff462c93ce.png', '$2y$10$oNb3nbMXEXhfNzH8ya2sFOE1ILTq.73NXoyehtp5o4El4U0JUYxye', 4, 49, 1, 1, '2025', 1, '2025-11-21 05:10:58'),
(249, 'CE-52', 'TEJAS SUNIL SONWANE', 'tejassonwane_7075ce25@nit.edu.in', '7559258315', 'student_1763701903_691ff48f52afc.png', '$2y$10$V97OPMsiLdm2pdM8e.94heRUBOFq7NOYulf2QQvIrtWgc/PdRU0tW', 4, 49, 1, 1, '2025', 1, '2025-11-21 05:11:43'),
(250, 'CE-53', 'TRUPTI MURLIDHAR DESHBHRATAR', 'truptideshbhratar_7261ce25@nit.edu.in', '8888623074', 'student_1763701953_691ff4c17c751.png', '$2y$10$Er43WfFaAwrSNb26oGJDxu9Ib.8JP9QTkcPDYY4uPlu/a86H2cxUK', 4, 49, 1, 1, '2025', 1, '2025-11-21 05:12:33'),
(251, 'CE-54', 'TRUSHNA DILIP SOMANKAR', 'trushnasomankar_7165ce25@nit.edu.in', '9699961308', 'student_1763702010_691ff4fa7b853.png', '$2y$10$gHjYZmwxJlCpCM/XiynLcOb8/VqB6N6tmWQmpMwKT.eT7Y.7B9wzO', 4, 49, 1, 1, '2025', 1, '2025-11-21 05:13:30'),
(252, 'CE-55', 'TUSHAR NANDULAL THAKUR', 'tusharthakur_6931ce25@nit.edu.in', '8999917723', 'student_1763702072_691ff538e67c3.png', '$2y$10$NBZQnYSEVlO48KRr57tozOnVbjKXSFPn0KypZfSTTvY6F.4C9kUq.', 4, 49, 1, 1, '2025', 1, '2025-11-21 05:14:32'),
(253, 'CE-56', 'UBAID JAVED SAYYED', 'ubaidsayyed_6972ce25@nit.edu.in', '7058881277', 'student_1763702170_691ff59a55553.png', '$2y$10$Ls5lfA9dJDbd0DX7Yy2IWe32WDp7XEMP8WSwJUXdbi5UmV/Sg2FNq', 4, 49, 1, 1, '2025', 1, '2025-11-21 05:16:10'),
(254, 'CE-57', 'UNNATI NITIN KASAR', 'unnatikasar_7017ce25@nit.edu.in', '9322809495', 'student_1763702225_691ff5d125d24.png', '$2y$10$Y1hzcnjK8U6btU6YMUv.8.IAbPc7CgNDU9jO12m2R5RW58/LN/RR6', 4, 49, 1, 1, '2025', 1, '2025-11-21 05:17:05'),
(256, 'CE-58', 'VAISHNAVI EKNATH BARSAGADE', 'vaishnavibarsagade_7030ce25@nit.edu.in', '9022082577', 'student_1763702346_691ff64a51397.png', '$2y$10$ri7HI3OCLhUKNa4vYYQWZekfeztvGa20qV25wMzmzy/ZEh5BXmolK', 4, 49, 1, 1, '2025', 1, '2025-11-21 05:19:06'),
(257, 'CE-59', 'VEDANT PRASHANT CHAUDHARI', 'vedantchaudhari_7203ce25@nit.edu.in', '9359727851', 'student_1763702400_691ff68059d5b.png', '$2y$10$YF1844wLxamsBgEU2FT7JeCI4koSKboYJ8ZiqEuwsA5oGs2ECtH86', 4, 49, 1, 1, '2025', 1, '2025-11-21 05:20:00'),
(258, 'CE-60', 'VEDANTI RAJU PUNATKAR', 'vedantipunatkar_6980ce25@nit.edu.in', '8607724648', 'student_1763702447_691ff6af49124.png', '$2y$10$Ot8kFo0fJLkP6tOBjwo0leo8ZlKm5w3M57LE8UmExlFrh9lSPA4Vi', 4, 49, 1, 1, '2025', 1, '2025-11-21 05:20:47'),
(259, 'CE-61', 'VINAY RAJESH UIKEY', 'vinayuikey_7033ce25@nit.edu.in', '7822985901', 'student_1763702519_691ff6f7ab04d.png', '$2y$10$qGy4AkjFEKeex/FjMk857eRPv1hiCcA5LXMEkRHA0kV.rYm8.8S7G', 4, 49, 1, 1, '2025', 1, '2025-11-21 05:21:59'),
(260, 'CE-62', 'VISHAKHA NARAYAN BHOYAR', 'vishakhabhoyar_7300ce25@nit.edu.in', '9511732059', 'student_1763702564_691ff72497871.png', '$2y$10$48RQjntfUZ.NHYJMPQeGCOJjAP5oVyLa8yI2EVpU45DyvjeWUmWjG', 4, 49, 1, 1, '2025', 1, '2025-11-21 05:22:44'),
(261, 'CE-63', 'YASHIKA SUDHIR KALNAKE', 'yashikakalnake_7183ce25@nit.edu.in', '9356844934', 'student_1763702621_691ff75d38af6.png', '$2y$10$K2bdWIspHqB1uIGoumKKUuI.fm26HJFgD0BDXJMJMneG/H7RhPCxy', 4, 49, 1, 1, '2025', 1, '2025-11-21 05:23:41'),
(262, 'CE-64', 'YUGAL DINKAR GAIDHANE', 'yugalgaidhane_7299ce25@nit.edu.in', '9561972541', 'student_1763702669_691ff78d76487.png', '$2y$10$57prWKjpYJ3nqQ8VQ.3A.e31Z5FBBB9bf6AXpTBSAxGt/uQjA0066', 4, 49, 1, 1, '2025', 1, '2025-11-21 05:24:29'),
(263, 'CE-26', 'NACHIKET MUKESH PARAYE', 'nachiketparaye_7240ce25@nit.edu.in', '9209160386', 'student_1763702748_691ff7dcb3df0.png', '$2y$10$sXF3aB282tS77R42dVNzfu90f4bkUEWt9bGn0wsPVq0z3mQREF8h.', 4, 49, 1, 1, '2025', 1, '2025-11-21 05:25:48'),
(264, 'EE-08', 'AYUSHI UMESH WATH', 'ayushiwath_7244ee25@nit.edu.in', '9011022559', 'student_1763702892_691ff86cd6820.png', '$2y$10$UlPsMuGlUMDo7SSDv69gV.vCB2luZH.EX01u4wQyZooQ128WtG.Ye', 4, 41, 1, 1, '2025', 1, '2025-11-21 05:28:12'),
(265, 'EE-09', 'BHUMIKA RAVINDRA PATRIVAR', 'bhumikapatrivar_7199ee25@nit.edu.in', '7588151236', 'student_1763702949_691ff8a55078f.png', '$2y$10$iHZS54VXjn7BHj18jq5XV.owVCjTP4.4tqXgkuIDm1Zj/BI6NpFFe', 4, 41, 1, 1, '2025', 1, '2025-11-21 05:29:09'),
(267, 'EE-11', 'CHETAN SANJAY BASKAWARE', 'chetanbaskaware_7122ee25@nit.edu.in', '8329276305', 'student_1763703040_691ff900edcbd.png', '$2y$10$dFJQv4./tmiInEczPSPny.pCrStIuBZPPGisjAkL4dStAz6NTvblG', 4, 41, 1, 1, '2025', 1, '2025-11-21 05:30:40'),
(269, 'EE-13', 'EKTA BANDU MORE', 'ektamore_7093ee25@nit.edu.in', '9325707165', 'student_1763703130_691ff95aedff7.png', '$2y$10$6F6MtrXIQtV53Juvkb4SP.vcZ3bE.ofKVkwlZnIW3F3/9J.hpFiHe', 4, 41, 1, 1, '2025', 1, '2025-11-21 05:32:10'),
(270, 'EE-14', 'GAJANAN PIRAJI CHUNUPWAD', 'gajananchunupwad_7087ee25@nit.edu.in', '8010721848', 'student_1763703171_691ff9835e77b.png', '$2y$10$gII8yjzTE83gUVaSU13OS.UayJ5wf2ZliJoD9hbEtZ8zu6SWBByyS', 4, 41, 1, 1, '2025', 1, '2025-11-21 05:32:51'),
(271, 'EE-15', 'GAURI HEMRAJ GADHAVE', 'gaurigadhave_7009ee25@nit.edu.in', '9309985552', 'student_1763703212_691ff9ac617ab.png', '$2y$10$3ogDPMfwDVyGhdbaj4ISM.qmqZaNZby1fr5pLBKNYzyfVT0/SIIQq', 4, 41, 1, 1, '2025', 1, '2025-11-21 05:33:32'),
(272, 'EE-16', 'GULSHAN VINAYAKRAO CHAUDHARI', 'gulshanchaudhari_7027ee25@nit.edu.in', '8767532840', 'student_1763703269_691ff9e56763c.png', '$2y$10$Do0iIFgJtG8P2zMsSigWfuevq6Gx/vYf75OYHmacCkwklqHBrjoVi', 4, 41, 1, 1, '2025', 1, '2025-11-21 05:34:29'),
(273, 'EE-17', 'GUNJAN HEMRAJ MANMODE', 'gunjanmanmode_7080ee25@nit.edu.in', '9322594182', 'student_1763703309_691ffa0d7676f.png', '$2y$10$9YwxnpRt38LRDsFAHm7Lu.UxErFODIzS2WLOntm6mKn9NTWLA52Wy', 4, 41, 1, 1, '2025', 1, '2025-11-21 05:35:09'),
(274, 'EE-18', 'HEMANT BANDUJI BHOYAR', 'hemantbhoyar_6949ee25@nit.edu.in', '8010205693', 'student_1763703360_691ffa4047206.png', '$2y$10$3vHKzX8nn4135RMh5t5kTO09CH40gdosh9vVej3gWOxXC0DnZSAEC', 4, 41, 1, 1, '2025', 1, '2025-11-21 05:36:00'),
(275, 'EE-19', 'HIMANI SUDAM TAKIT', 'himanitakit_6990ee25@nit.edu.in', '7666429873', 'student_1763703405_691ffa6dc4a33.png', '$2y$10$e/7gwC.Gprg6I4pnf/vENuzb8wIKEf8cfnQuV.cXH3olQ/Qs8XCsy', 4, 41, 1, 1, '2025', 1, '2025-11-21 05:36:45'),
(276, 'EE-20', 'KHUSHAL NARENDRA NANDANWAR', 'khushalnandanwar_7237ee25@nit.edu.in', '9921384414', 'student_1763703504_691ffad06a7aa.png', '$2y$10$nxYVxb2K5wsZ7blwIM0QEOZnCJ/pwvn3MxLXz0DvaMjWiu//5DO2a', 4, 41, 1, 1, '2025', 1, '2025-11-21 05:38:24'),
(277, 'EE-10', 'CHAITANYA AVINASH JAGTAP', 'chaitanyajagtap_7103ee25@nit.edu.in', '9011602152', 'student_1763703897_691ffc5953dcb.png', '$2y$10$Wm5mTO2JlPZomZV9ISSFouCsZ1vkGY2/dKlmVU.yymjqGpCczrd7u', 4, 41, 1, 1, '2025', 1, '2025-11-21 05:44:57'),
(278, 'EE-12', 'DEVYANI VIJAY WAGHMARE', 'devyaniwaghmare_7227ee25@nit.edu.in', '7498873429', 'student_1763703983_691ffcafd5c45.png', '$2y$10$bW4W1CXXwAb8n1EtYEq9O.icHbrVGX/v8ijlh/gdZC2wEfiXsqPWe', 4, 41, 1, 1, '2025', 1, '2025-11-21 05:46:23'),
(279, 'EE-21', 'KHUSHI SANJAY SAWARKAR', 'khushisawarkar_6937ee25@nit.edu.in', '8805369178', 'student_1763704049_691ffcf19b513.png', '$2y$10$aoe0s520JXjBRglFwS28Bu.mvI6iB3FZ30EK0VAhFFSKstoxqBW1C', 4, 41, 1, 1, '2025', 1, '2025-11-21 05:47:29'),
(280, 'EE-22', 'KHUSHI SATISH NANWATKAR', 'khushinanwatkar_7212ee25@nit.edu.in', '7757073465', 'student_1763704088_691ffd182f19e.png', '$2y$10$35TY/KfxV.vnpg5G9y8DIePggbPzWr86js9n45SU1VdU79CVny5n.', 4, 41, 1, 1, '2025', 1, '2025-11-21 05:48:08'),
(281, 'EE-23', 'KHUSHIYA TUKARAM BAGDE', 'khushiyabagde_7304ee25@nit.edu.in', '8999317878', 'student_1763704136_691ffd487f582.png', '$2y$10$usVFFYAbEx3o5xz2dH0gZ.0MF1kYXCLIeuixLZQsVxRI.X9Su/gs.', 4, 41, 1, 1, '2025', 1, '2025-11-21 05:48:56'),
(282, 'EE-24', 'KIRTI SUBHASH KAMLE', 'kirtikamle_7289ee25@nit.edu.in', '7498879741', 'student_1763704170_691ffd6ad1999.png', '$2y$10$pTMMTvnBbkNUVx8cdoBtRuvHr8L0w8HxPrq1Xq/yvO6tBjlTRQz0W', 4, 41, 1, 1, '2025', 1, '2025-11-21 05:49:30'),
(283, 'EE-25', 'LAWANYA NARESH RAMTEKE', 'lawanyaramteke_7258ee25@nit.edu.in', '7249455475', 'student_1763704216_691ffd983d820.png', '$2y$10$btlhVQtDdf2tVcXrOBapD.Ral3aQIJPuo8zkbhPsu06dn2JBca4Se', 4, 41, 1, 1, '2025', 1, '2025-11-21 05:50:16'),
(284, 'EE-26', 'MANISH MANOJ PANDIT', 'manishpandit_6970ee25@nit.edu.in', '9699174787', 'student_1763704255_691ffdbf14604.png', '$2y$10$Wx/x/Lc/cWjs5zZq8LNBE.hIfLNCD614P6RBJqHk6UvQFyyH8jGu6', 4, 41, 1, 1, '2025', 1, '2025-11-21 05:50:55'),
(285, 'EE-27', 'MANTHAN SHEKHAR TELRANDHE', 'manthantelrandhe_7287ee25@nit.edu.in', '7666672491', 'student_1763704292_691ffde450500.png', '$2y$10$1ItL7HpjC2lcshr1KhjFWeTr8UJHNuFXhSRfFNt4sTAYzW8g9dPyO', 4, 41, 1, 1, '2025', 1, '2025-11-21 05:51:32'),
(286, 'EE-28', 'NIRALI ULHAS BORKAR', 'niraliborkar_7126ee25@nit.edu.in', '7498255674', 'student_1763704339_691ffe1369493.png', '$2y$10$e4ChZKck16zQbL/u04Pp2eLzz2f4AWDnFxjG09JKowgbyXpB5Zfri', 4, 41, 1, 1, '2025', 1, '2025-11-21 05:52:19'),
(287, 'EE-29', 'PRACHI ABHAY BHOYAR', 'prachibhoyar_7160ee25@nit.edu.in', '8010998697', 'student_1763704375_691ffe3791ab4.png', '$2y$10$40E2SZpGD4unec/GuirpJeBeuo/vCtVyModYyBTJM.SLRQ9wYj.MS', 4, 41, 1, 1, '2025', 1, '2025-11-21 05:52:55'),
(288, 'EE-30', 'PRADNYA NIRAJ RAUT', 'pradnyaraut_7131ee25@nit.edu.in', '7447704249', 'student_1763704420_691ffe646eaba.png', '$2y$10$HYhEG7nkUU4LKob2Cd1tYuprfMu59WfxBe4LLNsCgIawhN0pSwzES', 4, 41, 1, 2, '2025', 1, '2025-11-21 05:53:40'),
(289, 'EE-31', 'PRAGATI RADHESHYAMJI DHARPURE', 'pragatidharpure_7055ee25@nit.edu.in', '9370879204', 'student_1763704461_691ffe8d39b80.png', '$2y$10$rNJ6gflokfybBG3DfrwSIOt0FXp/R/ZcIE0UwDeqe7aF2TWnmKnRq', 4, 41, 1, 1, '2025', 1, '2025-11-21 05:54:21'),
(290, 'EE-32', 'PRAJWAL LAXMAN KUTTARMARE', 'prajwalkuttarmare_7039ee25@nit.edu.in', '7776894590', 'student_1763704507_691ffebb3da57.png', '$2y$10$HJORR0N.xz/UWCNkVNsdqOz.Un555Q7pvVM2LMEk.EHnlzjOyK4cu', 4, 41, 1, 1, '2025', 1, '2025-11-21 05:55:07'),
(291, 'EE-33', 'PRASHIKA PRAKASH GATHE', 'prashikagathe_7231ee25@nit.edu.in', '8265065351', 'student_1763704554_691ffeea75f07.png', '$2y$10$KBLCTvsF4s6Ed4LlrEXoveDLcTKC9HN.aNqQEoP11zVNePsSg2Ixe', 4, 41, 1, 1, '2025', 1, '2025-11-21 05:55:54'),
(292, 'EE-34', 'PRATIK LALIT KADREL', 'pratikkadrel_6975ee25@nit.edu.in', '7721856928', 'student_1763704602_691fff1ac80e9.png', '$2y$10$TSn/8lfVetbCoC7gtEublOdfQh3uO/Y/Z1Njs5isC2pXHz/RtXcqS', 4, 41, 1, 1, '2025', 1, '2025-11-21 05:56:42'),
(293, 'EE-35', 'PREM DHARMESHWAR KIRDE', 'premkirde_7251ee25@nit.edu.in', '8999709074', 'student_1763704639_691fff3f04a3d.png', '$2y$10$MkXTcQFT3u6BMcP6RKlGwOezxePcdbb8gIFTMK3kG9/sjzzs6U6wm', 4, 41, 1, 1, '2025', 1, '2025-11-21 05:57:19'),
(294, 'EE-36', 'PRERNA SANJAY BAVISKAR', 'prernabaviskar_7141ee25@nit.edu.in', '7020671947', 'student_1763704690_691fff72dd161.png', '$2y$10$gHAdI.hrI/fKiTcJU04lhe5VVWGrmbZ.k0xVKjfdjpBB7iF2Ia14a', 4, 41, 1, 1, '2025', 1, '2025-11-21 05:58:10'),
(295, 'EE-37', 'PURVA GAJANAN GORDE', 'purvagorde_7171ee25@nit.edu.in', '9422515498', 'student_1763704754_691fffb23971e.png', '$2y$10$boRfXZe7/8iWINhHoMsDpuXfRvx9nWzYZ4NqozVuLlnPvl/r3esHK', 4, 41, 1, 1, '2025', 1, '2025-11-21 05:59:14'),
(296, 'EE-38', 'PURVA JITENDRA DEVGHARE', 'purvadevghare_7079ee25@nit.edu.in', '9545753173', 'student_1763704800_691fffe05de59.png', '$2y$10$8cknwK.Tpqos.iDYCGdaeuA7DxKuKd2DVK307tZhFi.YBfKLJs5C2', 4, 41, 1, 1, '2025', 1, '2025-11-21 06:00:00'),
(297, 'EE-39', 'RIYA SAHENDRA SURYAWANSHI', 'riyasuryawanshi_7260ee25@nit.edu.in', '8554897885', 'student_1763704843_6920000b8a342.png', '$2y$10$QvocNksBgGJDi0qCjv1GEupga3xoRSR.v303gYUe9SsDT.SqV9H2y', 4, 41, 1, 1, '2025', 1, '2025-11-21 06:00:43'),
(298, 'EE-40', 'ROHIT VIKAS BHUTE', 'rohitbhute_6976ee25@nit.edu.in', '8767696452', 'student_1763704913_69200051502f0.png', '$2y$10$6Bjs3F9hgQV0EVXPmhpz2.XxSrXgsjMRgJJPmua5ynJ/7cKWEkv.K', 4, 56, 1, 1, '2025', 1, '2025-11-21 06:01:53'),
(299, 'EE-41', 'RUTUJA SHILWANT PATIL', 'rutujapatil_7167ee25@nit.edu.in', '8208259570', 'student_1763705410_69200242a19aa.png', '$2y$10$J3bYNd0HZTyMprb.KKLKjeR3L3HanD437uUVbcwq3FWb3A5kwtkg6', 4, 41, 1, 1, '2025', 1, '2025-11-21 06:10:10'),
(300, 'EE-42', 'SAMIKSHA GAJANAN BHATE', 'samikshabhate_6941ee25@nit.edu.in', '9373777584', 'student_1763705475_69200283cde95.png', '$2y$10$EIg8PnE83pIxUVT92rWjI.oShGOvG1qaQ4m4LKjhVmXxZ9txNqGnC', 4, 41, 1, 1, '2025', 1, '2025-11-21 06:11:15'),
(301, 'EE-43', 'SAMYAK ANIL LOHAKARE', 'samyaklohakare_7221ee25@nit.edu.in', '7558580696', 'student_1763705526_692002b6994ab.png', '$2y$10$9PQvt7pAHJgbIN3u8ko49.o7fqLTSIdHD1J5.IQ4omtS0ebh5gPVy', 4, 41, 1, 1, '2025', 1, '2025-11-21 06:12:06'),
(302, 'EE-44', 'SANIKA LAXMAN KANTODE', 'sanikakantode_7038ee25@nit.edu.in', '9421927342', 'student_1763705576_692002e85319d.png', '$2y$10$vVjjhow.Q18Y32RXecWatO0WorzitCY8fhaPgJn5yqpx8MhBZFzty', 4, 41, 1, 1, '2025', 1, '2025-11-21 06:12:56'),
(303, 'EE-45', 'SANIYA RAMRAO JAMBHULKAR', 'saniyajambhulkar_7277ee25@nit.edu.in', '7875951626', 'student_1763705611_6920030bc2413.png', '$2y$10$IINwLeWgCy/lm/O7iiQiPuotzsA9DmhLtPyDSLO8xp3fDhdcaMEle', 4, 41, 1, 1, '2025', 1, '2025-11-21 06:13:31'),
(304, 'EE-46', 'SANSKRUTI NITIN PAWAR', 'sanskrutipawar_7042ee25@nit.edu.in', '7666340208', 'student_1763705658_6920033a389ac.png', '$2y$10$ayLej3qlp1cpRTg999NmT.emGCfFNyBw4sbo51ICz5shDiEGKZl9W', 4, 41, 1, 1, '2025', 1, '2025-11-21 06:14:18'),
(305, 'EE-47', 'SATYAM MANGALCHANDI GHOSH', 'satyamghosh_7246ee25@nit.edu.in', '8793163140', 'student_1763705757_6920039d7dae5.png', '$2y$10$nfnTGmFd3KovXyid8BKvyO5V3t4qItTAWvDm4lhGfj4W2z5FxXlJW', 4, 41, 1, 1, '2025', 1, '2025-11-21 06:15:57'),
(306, 'EE-48', 'SHILPKAR SURESH RAMTEKE', 'shilpkarramteke_7280ee25@nit.edu.in', '8767009286', 'student_1763705848_692003f8aa93b.png', '$2y$10$MCW.vC3U2gB4LBKwDaCAOOWtGWSarpP/L3ZzptATAovrIDX5WXKna', 4, 41, 1, 1, '2025', 1, '2025-11-21 06:17:28'),
(307, 'EE-49', 'SHIVANI RAVI INGALE', 'shivaniingale_7182ee25@nit.edu.in', '7020755162', 'student_1763705901_6920042dd404e.png', '$2y$10$DzTWRJZPAdDifMIE0AbKaOeF6Mo/ZYudKJYn2Y81xvsVqF0Vws.9W', 4, 41, 1, 1, '2025', 1, '2025-11-21 06:18:21'),
(308, 'EE-50', 'SHRUTI MAHESH MESHRAM', 'shrutimeshram_7256ee25@nit.edu.in', '8698157281', 'student_1763705943_69200457e3bf9.png', '$2y$10$oFBnnypsM7wGjLoufmFEjujdqsqxOdAeEsoUcNiwGOfquQ8PQiz12', 4, 41, 1, 1, '2025', 1, '2025-11-21 06:19:03'),
(309, 'EE-51', 'SHRUTI MUKINDA MANERAO', 'shrutimanerao_7101ee25@nit.edu.in', '9209421053', 'student_1763705984_692004807968d.png', '$2y$10$zonI3fXvJmDf0B6tGPO2IOKYF2nM7ZQkcU/MJNVIxhzpRo2N3MaBu', 4, 41, 1, 1, '2025', 1, '2025-11-21 06:19:44'),
(310, 'EE-52', 'SHUBHAM GAJANAN KHORGADE', 'shubhamkhorgade_7208ee25@nit.edu.in', '8999976180', 'student_1763706028_692004ac286ef.png', '$2y$10$r//SAWs6Hpe6dyd9TNURTuP3z2XliBeljZfIT6usDR2iX/JSov.8G', 4, 41, 1, 1, '2025', 1, '2025-11-21 06:20:28'),
(311, 'EE-53', 'SOHAM VINOD DHOTE', 'sohamdhote_7286ee25@nit.edu.in', '8390366168', 'student_1763706066_692004d2211d6.png', '$2y$10$GvUIMwhn8cHCcD.c21ZKXu0TwtYkB/ZA1ncBsZYUXjc4ljVpuXJ9q', 4, 41, 1, 1, '2025', 1, '2025-11-21 06:21:06'),
(314, 'EE-54', 'SUHANI JAYCHAND PATLE', 'suhanipatle_7117ee25@nit.edu.in', '8459761379', 'student_1763706252_6920058caab07.png', '$2y$10$S1sFCVSBGPpugl1nzmOcnOqiLXU.x2E7Ssk.tTRJphtPMR468fjL6', 4, 41, 1, 1, '2025', 1, '2025-11-21 06:24:12'),
(315, 'EE-55', 'SUHANI VIJAY CHAUDHARI', 'suhanichaudhari_7119ee25@nit.edu.in', '9890506163', 'student_1763706296_692005b881620.png', '$2y$10$yJZycFmNsZyoYVggPh4XOe3Q7/QKeSW.2VO9P8QGLzMS.raFjEXPK', 4, 41, 1, 1, '2025', 1, '2025-11-21 06:24:56'),
(316, 'EE-56', 'SWATI KESHAVRAO BHOPE', 'swatibhope_7230ee25@nit.edu.in', '8263808582', 'student_1763706347_692005eb87a93.png', '$2y$10$.mL94z98UyntBX.BrxG0tuTMOU6LrNJv2iY6VX3fiu.cbCq.Piqmu', 4, 41, 1, 1, '2025', 1, '2025-11-21 06:25:47'),
(317, 'EE-57', 'TANISHA WASUDEO BADODE', 'tanishabadode_7091ee25@nit.edu.in', '7498002763', 'student_1763706379_6920060b5e491.png', '$2y$10$IJVoBKVr7UA7jgrPnzS8OujIzN4NGI97tRGcbyhFGsbklA6iLQLc6', 4, 41, 1, 1, '2025', 1, '2025-11-21 06:26:19'),
(318, 'EE-58', 'TRUPTI PURUSHOTTAM MORE', 'truptimore_7301ee25@nit.edu.in', '9637807519', 'student_1763706415_6920062faccf5.png', '$2y$10$m7BLAxDhlOt.khFt27xFK.H4mt2Y2LFr1ZNfK07HPvO/Rd1mHTu8q', 4, 41, 1, 1, '2025', 1, '2025-11-21 06:26:55'),
(319, 'EE-59', 'VIPUL VIJAY DHANDE', 'vipuldhande_7082ee25@nit.edu.in', '8767966842', 'student_1763706458_6920065a127d3.png', '$2y$10$7z29.l.GMNR8/BnB0kVLguBKSVhPQIUEGbnZuaBUiyi0k5vAKdxca', 4, 41, 1, 1, '2025', 1, '2025-11-21 06:27:38'),
(320, 'EE-60', 'YASH RAVINDRA DAFAR', 'yashdafar_7007ee25@nit.edu.in', '9552402792', 'student_1763706492_6920067c2fd21.png', '$2y$10$K7w0JC9Ua0cpvXgCRO6jBu83602IIyi8RI.HrLQmXBv4SaRRe9/BG', 4, 41, 1, 1, '2025', 1, '2025-11-21 06:28:12'),
(321, 'EE-61', 'YOGITA CHANDRASHEKHAR THAKUR', 'yogitathakur_7297ee25@nit.edu.in', '7558464380', 'student_1763706530_692006a210f1f.png', '$2y$10$DWx7g3OObqlrhEQhEc3iiONwz3jQVWTPTgWR7srtPjgU7beclMUsm', 4, 41, 1, 1, '2025', 1, '2025-11-21 06:28:50'),
(322, 'ME-06', 'ANISHA SACHIN BHAGAT', 'anishabhagat_6988me25@nit.edu.in', '7218170799', 'student_1763706639_6920070f9fd52.png', '$2y$10$RzdUEah30APc5gT5uPCeIONd..klG81jg8Q7OjtZ81s.sCmxCy31G', 4, 78, 1, 1, '2025', 1, '2025-11-21 06:30:39'),
(323, 'ME-07', 'ANUSHKA GAJANAN ANTURKAR', 'anushkaanturkar_7066me25@nit.edu.in', '9119502249', 'student_1763706684_6920073ca7097.png', '$2y$10$.rPjVLrX/ygBb8eDd2zT8.Xo0p9AsLpHodruTnN/uelS45lcar6ka', 4, 78, 1, 1, '2025', 1, '2025-11-21 06:31:24'),
(324, 'ME-08', 'ARNAV VIJAY DANGE', 'arnavdange_7060me25@nit.edu.in', '9699825193', 'student_1763706733_6920076dac770.png', '$2y$10$6FCOYT.hzwidy1QP9tqvUelDMMGAmNShOh2uOGXPTpogHAju71KlK', 4, 78, 1, 1, '2025', 1, '2025-11-21 06:32:13'),
(325, 'ME-09', 'ARYAN BABANAND THOOL', 'aryanthool_7098me25@nit.edu.in', '8262912684', 'student_1763706791_692007a701b9d.png', '$2y$10$euS9AkLOG0KGsbqfZXM3G.SP5nPylhyUj546izSlMhXFtZx.CYHqe', 4, 78, 1, 1, '2025', 1, '2025-11-21 06:33:11'),
(326, 'ME-10', 'ATHARVA RAJESH MALEWAR', 'atharvamalewar_6979me25@nit.edu.in', '9404905866', 'student_1763706831_692007cfb5d56.png', '$2y$10$hTVZ4kMtDtiwyhAV8Ay5KOmtiHLGsuDJP5ul4xXydzreaFcXa86aW', 4, 78, 1, 1, '2025', 1, '2025-11-21 06:33:51'),
(327, 'ME-11', 'BHUPESH NITIN NAVGHARE', 'bhupeshnavghare_7283me25@nit.edu.in', '8623800153', 'student_1763706870_692007f6f2180.png', '$2y$10$A/bS5TP7YuEbLKt6EfvIyO.kMMzBF2hGW.epDHsxOLNGFZb5elLW2', 4, 78, 1, 1, '2025', 1, '2025-11-21 06:34:30'),
(328, 'ME-12', 'BHUSHAN UMESH THAWARE', 'bhushanthaware_7134me25@nit.edu.in', '8087183989', 'student_1763706967_69200857269c8.png', '$2y$10$J2Rq2WppQVue37q4FNGE9OiKWFxDZWVH0fV/zFycR9daPujvOgygW', 4, 78, 1, 1, '2025', 1, '2025-11-21 06:36:07'),
(329, 'ME-13', 'CHAITANYA RAJESH MANOHARKAR', 'chaitanyamanoharkar_7050me25@nit.edu.in', '9503993703', 'student_1763707006_6920087e393ab.png', '$2y$10$ZsqdsQh6cSenBDY6Cv5/ZulnhkFarSC8TPWHU.LiGCsjjWox8DFzS', 4, 78, 1, 1, '2025', 1, '2025-11-21 06:36:46'),
(330, 'ME-14', 'CHETANA MADAN PANDE', 'chetanapande_7239me25@nit.edu.in', '9370771305', 'student_1763707062_692008b677300.png', '$2y$10$LXub7pQbu5mxFPY4BLF1y.74YyvicNImX04eyb35nQwO1yPnxJLDy', 4, 78, 1, 1, '2025', 1, '2025-11-21 06:37:42'),
(331, 'ME-15', 'DEEPAK RAJKUMAR DOSHIYA', 'deepakdoshiya_6986me25@nit.edu.in', '9730987038', 'student_1763707119_692008ef5ae32.png', '$2y$10$DvDUXzRa5PFhkJ7a/LNECO.yhH9.rvwW5mk0qUQQaPR2asO3uCv3K', 4, 78, 1, 1, '2025', 1, '2025-11-21 06:38:39');
INSERT INTO `students` (`id`, `roll_number`, `full_name`, `email`, `phone`, `photo`, `password`, `department_id`, `class_id`, `year`, `semester`, `admission_year`, `is_active`, `created_at`) VALUES
(332, 'ME-16', 'DEVESH NAVIN GIRI', 'deveshgiri_7222me25@nit.edu.in', '9067643290', 'student_1763707199_6920093fa30f5.png', '$2y$10$Tjp9OksYkExFai6Vl5Ptr.MSOCn9kRfadn/hieMotaCspU5cL1yXy', 4, 78, 1, 1, '2025', 1, '2025-11-21 06:39:59'),
(335, 'ME-18', 'DEVYANI DIGAMBAR KOLHE', 'devyanikolhe_7234me25@nit.edu.in', '9322103153', 'student_1763707475_69200a53a4bd0.png', '$2y$10$NYjZm70fLMPJuPCRg8CVsOVge80x8bzswBwCp5Sx2F84pBw725XQy', 4, 78, 1, 1, '2025', 1, '2025-11-21 06:44:35'),
(336, 'ME-19', 'DHANANJAY GAJANAN THAKRE', 'dhananjaythakre_7010me25@nit.edu.in', '8999269460', 'student_1763707522_69200a826bdc9.png', '$2y$10$ttl1fwMbucX0oP9jXU3oduZZz5x1wyua/2CNyfKT/DUgIXZ380LlS', 4, 78, 1, 1, '2025', 1, '2025-11-21 06:45:22'),
(337, 'ME-20', 'DIKSHA MORESHWAR KAWALE', 'dikshakawale_7003me25@nit.edu.in', '9699062284', 'student_1763707585_69200ac1869c6.png', '$2y$10$M1..Ca9O/Aem9epTLj4F1uxMkxx.dWu/eajxgrDXU0gwvw0dsB00C', 4, 78, 1, 1, '2025', 1, '2025-11-21 06:46:25'),
(338, 'ME-21', 'DIVYANSH PURUSHOTTAM ALAM', 'divyanshalam_7044me25@nit.edu.in', '9270589356', 'student_1763707670_69200b16c9a1a.png', '$2y$10$PsOZas6OgCL80J/WFoV7eO87B8e3zqfY69iLARf7QXSh2AgMk2Zpa', 4, 78, 1, 1, '2025', 1, '2025-11-21 06:47:50'),
(339, 'ME-22', 'GAURAV RAKESH ATRAHE', 'gauravatrahe_7206me25@nit.edu.in', '9370175920', 'student_1763707713_69200b413bb2c.png', '$2y$10$9xfyfKjtNQV5T3VKwlABJe/ZPJMZ6MsLQrpbeB45OMmhBHj/f.tg.', 4, 78, 1, 1, '2025', 1, '2025-11-21 06:48:33'),
(340, 'ME-23', 'HARSH VIJAY JAMOTKAR', 'harshjamotkar_7290me25@nit.edu.in', '7218898873', 'student_1763707767_69200b77792f7.png', '$2y$10$V2Ollet.3XgGXUtnNSCMYe6Zy8Js2TNCWYLDkvkpjiKvKEIzcXJ8i', 4, 78, 1, 1, '2025', 1, '2025-11-21 06:49:27'),
(341, 'ME-24', 'KAIF MEHMUD SHEIKH', 'kaifsheikh_7012me25@nit.edu.in', '9156233742', 'student_1763707821_69200bad02c69.png', '$2y$10$4QV/IaLKIcNOv0YNoM.mQeU8bNTCYuU1J069fKBgQh8GRksoVGqAC', 4, 78, 1, 1, '2025', 1, '2025-11-21 06:50:21'),
(342, 'ME-25', 'KARTIK NARAYAN POINKAR', 'kartikpoinkar_7129me25@nit.edu.in', '9307522884', 'student_1763707868_69200bdcf2fdf.png', '$2y$10$DbUOcK.CjcOqJnrwCMi.1uhDekgFImQPe/z9yEgxGfPV4RbN5Qs7e', 4, 78, 1, 1, '2025', 1, '2025-11-21 06:51:08'),
(343, 'ME-26', 'KASHISH DIVAKAR OKTE', 'kashishokte_7015me25@nit.edu.in', '9907873812', 'student_1763707915_69200c0b54278.png', '$2y$10$zFlWaWkVfKDVbAfFkJDz2.HDq1WSzsZ2QXwhTIdfm0VMgxq5NIvSO', 4, 78, 1, 1, '2025', 1, '2025-11-21 06:51:55'),
(344, 'ME-27', 'KUNAL RAMSWARTH PRASAD', 'kunalprasad_7064me25@nit.edu.in', '8788401780', 'student_1763707959_69200c3775ba2.png', '$2y$10$AIGKRkJVqb4l8zJuj0hezev9oVN4D5o6.t3da4qx7o1SUTSKC3Nka', 4, 78, 1, 1, '2025', 1, '2025-11-21 06:52:39'),
(345, 'ME-28', 'MALLIKA BHOJRAJ THAKUR', 'mallikathakur_6993me25@nit.edu.in', '9579629958', 'student_1763708016_69200c7002a94.png', '$2y$10$xC.5YJOWBYLcGwxHz06Q.O8cU6HQKn/8VYH6yRgkgxSRO6w4UdRO6', 4, 78, 1, 1, '2025', 1, '2025-11-21 06:53:36'),
(346, 'ME-29', 'MANSI KAILAS KSHIRSAGAR', 'mansikshirsagar_7089me25@nit.edu.in', '8600902684', 'student_1763708058_69200c9a4c3d3.png', '$2y$10$Q92YNU36IjCr1.vpx.pNPOQT92vnR3SX4exrpm36ftX74PJkAW9Wu', 4, 78, 1, 1, '2025', 1, '2025-11-21 06:54:18'),
(347, 'ME-30', 'MAYUR PALIK BISEN', 'mayurbisen_7281me25@nit.edu.in', '9307397039', 'student_1763708130_69200ce2b783e.png', '$2y$10$kJF3dFz2KMyLzcnc9H3GLewFLoln2fhPgGBqnHqcE0bQ3593iibWG', 4, 78, 1, 1, '2025', 1, '2025-11-21 06:55:30'),
(348, 'ME-31', 'NIDHI BHUPESH PETHE', 'nidhipethe_7233me25@nit.edu.in', '7083965584', 'student_1763708191_69200d1fddf99.png', '$2y$10$UuE0ClpYuFgeIeFNh.8/ceds1Fjt2IpQZMhiS93FYArUGte5Bf8nC', 4, 78, 1, 1, '2025', 1, '2025-11-21 06:56:31'),
(349, 'ME-32', 'NIKITA NAMDEV RATHOD', 'nikitarathod_7031me25@nit.edu.in', '8793894187', 'student_1763708233_69200d493a0f7.png', '$2y$10$uJGa6WxyIQvi9MbzIc.XDufyiMF8Bh5igsG3uWRf.ouBC5PoQ4c8i', 4, 88, 1, 1, '2025', 1, '2025-11-21 06:57:13'),
(350, 'ME-33', 'OM KUNDAN DESHMUKH', 'omdeshmukh_7096me25@nit.edu.in', '9579581022', 'student_1763708277_69200d75b4f24.png', '$2y$10$JUOGGov2SuhD2wV05fzxJuOWZqfyotTc3bLoNb253Uu.xgxSsCPvO', 4, 78, 1, 1, '2025', 1, '2025-11-21 06:57:57'),
(351, 'ME-34', 'PAYAL GIRIDHAR MOHOD', 'payalmohod_7047me25@nit.edu.in', '9579776133', 'student_1763708329_69200da906542.png', '$2y$10$p1drybF2.EC2wQssmMa..u8.IqkNJxSFIaa0ECefZVJzS584O7PHq', 4, 78, 1, 1, '2025', 1, '2025-11-21 06:58:49'),
(352, 'ME-35', 'PAYAL JAGDISH TATTE', 'payaltatte_7228me25@nit.edu.in', '8788604026', 'student_1763708377_69200dd90aff1.png', '$2y$10$rjh8ZLuAMWafObcM7zRl3u98Z2hDeFg7RcMbxA0N331iAPz3eQiUq', 4, 78, 1, 1, '2025', 1, '2025-11-21 06:59:37'),
(353, 'ME-36', 'PIYUSH MUKESH ATHAWALE', 'piyushathawale_7285me25@nit.edu.in', '9371655365', 'student_1763708422_69200e06799c9.png', '$2y$10$pBRXqVsSQYIpPbQaB6Seo.PyjjRtUJsRQKKypaNbzYli/L/43fYjO', 4, 78, 1, 1, '2025', 1, '2025-11-21 07:00:22'),
(354, 'ME-37', 'PIYUSH NANDKISHOR DHANDE', 'piyushdhande_7048me25@nit.edu.in', '9226305122', 'student_1763708477_69200e3d083d2.png', '$2y$10$XKCC1dLtpTCZk1t7MbajeekUDAYx6uA5bVPGRerFg9DKWl36Vr0ou', 4, 78, 1, 1, '2025', 1, '2025-11-21 07:01:17'),
(355, 'ME-38', 'PRAJWAL PRABHAKAR JAMBHULE', 'prajwaljambhule_7124me25@nit.edu.in', '8767155420', 'student_1763708516_69200e64eeddb.png', '$2y$10$ZRJyZKVtEQRB2PsDfjw4lO86k/FI9IAB1qsm/9welV63ctSj/P/S6', 4, 78, 1, 1, '2025', 1, '2025-11-21 07:01:56'),
(356, 'ME-39', 'PRATHMESH GAJANAN DAGWAR', 'prathmeshdagwar_7128me25@nit.edu.in', '7821852659', 'student_1763708561_69200e913faa9.png', '$2y$10$zl6Z.wIbJdoetHkWOsR4iu0vxLPHyPzmSF9KgQnSD5FKsfzUnsVwC', 4, 78, 1, 1, '2025', 1, '2025-11-21 07:02:41'),
(357, 'ME-40', 'PRITESH PRAMOD DIGAL', 'priteshdigal_7005me25@nit.edu.in', '9309397375', 'student_1763708601_69200eb92c28b.png', '$2y$10$7i34oLLkwE6mtsJQ02bojem6n4orsA7dps7C0sadZ7cIyQvHuSwCm', 4, 78, 1, 1, '2025', 1, '2025-11-21 07:03:21'),
(358, 'ME-17', 'DEVYANI CHHAGAN GOMKAR', 'devyanigomkar_7097me25@nit.edu.in', '7666429873', 'student_1763708770_69200f6244758.png', '$2y$10$IH6AM352YD8loh/iwWaBae/DMH02x91t.X9UtLmbx3s7.fkmMLtJW', 4, 78, 1, 1, '2025', 1, '2025-11-21 07:06:10'),
(359, 'ME-41', 'RAGHAVENDRA VIJAY WAGHE', 'raghavendrawaghe_7001me25@nit.edu.in', '7796106781', 'student_1763708827_69200f9be36ec.png', '$2y$10$yXW.K6RyaAVjVyOce9pxJOdJ8p8n2eSX9uViEIfdr8tGD66LHVd0K', 4, 78, 1, 1, '2025', 1, '2025-11-21 07:07:07'),
(360, 'ME-42', 'RAM TULSHIDAS PATIL', 'rampatil_7104me25@nit.edu.in', '9607481639', 'student_1763708865_69200fc16daa0.png', '$2y$10$lnY9T1kJ9t4ivMETl4j.MOdb7pcjXRDe6iEAcO.AvTHdwTGH2nCA2', 4, 78, 1, 1, '2025', 1, '2025-11-21 07:07:45'),
(361, 'ME-43', 'RITIK RAVINDRA LADHAIKAR', 'ritikladhaikar_6991me25@nit.edu.in', '7743915898', 'student_1763708906_69200fea00680.png', '$2y$10$tCGBH3qAy8wMPi8qoheQKeVem2qoqaz7qwDDBAQuCVg3E6MW9lTDK', 4, 78, 1, 1, '2025', 1, '2025-11-21 07:08:26'),
(362, 'ME-44', 'ROHAN SHRIKRUSHNA SHERKI', 'rohansherki_7021me25@nit.edu.in', '7666720775', 'student_1763708960_6920102024094.png', '$2y$10$jobL5wLg37PIzxOkt9TEtur8HOFNd7Q1sjqXzeb2kWUcfjTap.aNi', 4, 78, 1, 1, '2025', 1, '2025-11-21 07:09:20'),
(363, 'ME-45', 'ROHIT DEEPAK RAMAVAT', 'rohitramavat_7116me25@nit.edu.in', '9322124539', 'student_1763709007_6920104f5c17c.png', '$2y$10$aWxRzcSYg5izlNj7hCOD5.mP1kNiqYoK.Sv3FJfax67Zh07w2wyOm', 4, 78, 1, 1, '2025', 1, '2025-11-21 07:10:07'),
(364, 'ME-46', 'SAHIL DHANRAJ NINAWE', 'sahilninawe_7162me25@nit.edu.in', '9730243241', 'student_1763709050_6920107add5b9.png', '$2y$10$TRhV5R011GGNVdsuGbGqzejjUkzEJJnNfVk5BZ/HN0/1HEtqCSa.W', 4, 78, 1, 1, '2025', 1, '2025-11-21 07:10:50'),
(365, 'ME-47', 'SAYALI DAMODHAR HEDAOO', 'sayalihedaoo_7269me25@nit.edu.in', '8087229477', 'student_1763709094_692010a6bbbe6.png', '$2y$10$6gg1dRMx2dXTyRMUInLBCOxHawb.oaP/I33kNpOuhkLe51qg7UvH6', 4, 78, 1, 1, '2025', 1, '2025-11-21 07:11:34'),
(366, 'ME-48', 'SHAURYA RAJESH RAMPURKAR', 'shauryarampurkar_7026me25@nit.edu.in', '9272129198', 'student_1763709137_692010d1cfcef.png', '$2y$10$2ULs75AnCTP7y7e58mkld.6gRWQxhwBbU83pY5z3JsNRoeCCW9xuy', 4, 78, 1, 1, '2025', 1, '2025-11-21 07:12:17'),
(367, 'ME-49', 'SHIVAM RAVI DAMODHARE', 'shivamdamodhare_7065me25@nit.edu.in', '9226393572', 'student_1763709178_692010fae9ca9.png', '$2y$10$BuBbSmdL5xp80tanw7JcKepp3YHR/.2OyEw7Gyd0ktNyTErHEBjFq', 4, 78, 1, 1, '2025', 1, '2025-11-21 07:12:58'),
(368, 'ME-50', 'SHRAVNI SUNILRAO DIDSHE', 'shravnididshe_7268me25@nit.edu.in', '9309728764', 'student_1763709227_6920112b3d91b.png', '$2y$10$4izSw/WsDALr.E6jYxhcLuHApWJt3X16cUq4ywuSr43q42A/swO4G', 4, 78, 1, 1, '2025', 1, '2025-11-21 07:13:47'),
(369, 'ME-51', 'SIMON RAJESH BINZADE', 'simonbinzade_6963me25@nit.edu.in', '9226076486', 'student_1763709274_6920115a769cf.png', '$2y$10$MalLqQ.07ddCGmodiEkmJOScj1VF0cs6A/zGt8VLDxvUE.pW380ge', 4, 78, 1, 1, '2025', 1, '2025-11-21 07:14:34'),
(370, 'ME-52', 'SNEHA SUDHAKAR BAWANE', 'snehabawane_7115me25@nit.edu.in', '9588457235', 'student_1763709315_69201183bcc2b.png', '$2y$10$Bru4aarl.rh2PDMCuKg7GeC6VwoXHDGv8r5XpCQpOQN868xQ3tuaa', 4, 78, 1, 1, '2025', 1, '2025-11-21 07:15:15'),
(371, 'ME-53', 'SUMIT NANDU BASHINE', 'sumitbashine_7070me25@nit.edu.in', '9604748776', 'student_1763709361_692011b15b5fb.png', '$2y$10$OQOtFGxUj1lq5KziPk382Of3C0JxvEg3p1SSa.vdual6Gqpdw5d6W', 4, 78, 1, 1, '2025', 1, '2025-11-21 07:16:01'),
(372, 'ME-54', 'TANISHQ DHANANJAY SHENDE', 'tanishqshende_7135me25@nit.edu.in', '8459304196', 'student_1763709401_692011d982f78.png', '$2y$10$Z.GCP1OBGVp6fSA9hz3YUeGQ6iegozAbokVDpT1M1gR/TJGXpLfWy', 4, 78, 1, 1, '2025', 1, '2025-11-21 07:16:41'),
(373, 'ME-55', 'TANMAY DNYANESHWAR MOTGHARE', 'tanmaymotghare_7014me25@nit.edu.in', '8080067214', 'student_1763709438_692011fe023c5.png', '$2y$10$3IqHgAnf9Ae8tkKwmAduEOICLqPXjakHB2B686zFu0gWhm09WwZx.', 4, 78, 1, 1, '2025', 1, '2025-11-21 07:17:18'),
(374, 'ME-56', 'TEJAS SANTOSH GAJBHAR', 'tejasgajbhar_7018me25@nit.edu.in', '8208381504', 'student_1763709482_6920122a0f757.png', '$2y$10$BUitrrWCVeGMuySvXFNV0.Qz4nWKhLxexUtDIYD/MgcXOgrQW4Th6', 4, 78, 1, 1, '2025', 1, '2025-11-21 07:18:02'),
(375, 'ME-57', 'VANSH VIJAY NAGOSE', 'vanshnagose_7025me25@nit.edu.in', '9822656310', 'student_1763709520_692012507b703.png', '$2y$10$tfQwPH3hcsMlxJMLGfdgA.l/p2Lhg1iyzAFQ1uxefjgJCsyR19h1C', 4, 78, 1, 1, '2025', 1, '2025-11-21 07:18:40'),
(376, 'ME-58', 'VANSH VIPINKUMAR NIMR', 'vanshnimr_6977me25@nit.edu.in', '9637897725', 'student_1763709559_6920127726d0b.png', '$2y$10$ppzjhVJXUZxI2z4a63JrLewDe9roI68zu/NYpt12KdKB2FrYFqeeS', 4, 78, 1, 1, '2025', 1, '2025-11-21 07:19:19'),
(377, 'ME-59', 'VEDANT NITIN LADSE', 'vedantladse_7282me25@nit.edu.in', '7741881420', 'student_1763709624_692012b8373ed.png', '$2y$10$nvD4CAYu84sVkpUUAqUb8OQCQ4HCdJKWQgolWT4hDUy3Kp0Zb26FG', 4, 78, 1, 1, '2025', 1, '2025-11-21 07:20:24'),
(378, 'ME-60', 'VEDANT RAVINDRA BIGHANE', 'vedantbighane_7073me25@nit.edu.in', '8483995495', 'student_1763709672_692012e8eec29.png', '$2y$10$8uykysJZFFH4Ji1UY.wCQuW.G6G.i6Lf7qklprGxBcYans13AwDk6', 4, 78, 1, 1, '2025', 1, '2025-11-21 07:21:12'),
(379, 'ME-61', 'VEDANTI DEEPAK RANGARI', 'vedantirangari_7059me25@nit.edu.in', '7276312104', 'student_1763709718_6920131677749.png', '$2y$10$i4coFykbN0DmNVA1o6rBjul.r8RYlENPBjShJMp35C/ZIlje7mo0K', 4, 78, 1, 1, '2025', 1, '2025-11-21 07:21:58'),
(380, 'ME-62', 'VINAY DHARMARAJ SAWWALAKHE', 'vinaysawwalakhe_7011me25@nit.edu.in', '9284182670', 'student_1763709762_692013420e86f.png', '$2y$10$NGaTuxVDfrP9VA9AIHNKnOludpGfHZ21xWuP5eV91rKh/hrJLtgIW', 4, 78, 1, 1, '2025', 1, '2025-11-21 07:22:42'),
(381, 'ME-63', 'YASH DEVANAND BINZADE', 'yashbinzade_6960me25@nit.edu.in', '8007573521', 'student_1763709809_6920137163234.png', '$2y$10$TxnJXklZvTnBkpYzRppoBOe2y23k6W4WPm4I56D7hMcUEd1v7xI9m', 4, 78, 1, 1, '2025', 1, '2025-11-21 07:23:29'),
(382, 'ME-64', 'YASH DILIP NARNAWARE', 'yashnarnaware_7058me25@nit.edu.in', '8432782107', 'student_1763709849_69201399de301.png', '$2y$10$u6REyNFaskvoRn1R/0D3q.kCZpRsY9bLKQKFAQ6xSmRNSA5AOoL0a', 4, 78, 1, 1, '2025', 1, '2025-11-21 07:24:09'),
(383, 'ACSE-01', 'ABIR GANESH GUJAR', 'abirgujar_7245cse25@nit.edu.in', '9309539934', 'student_1763710518_692016364b239.png', '$2y$10$tcgL2nj52d4NYblmOFEE/OBqa4ZJ7FhkjAnJqyQUxKGPrD2N6JrFe', 4, 68, 1, 1, '2025', 1, '2025-11-21 07:35:18'),
(384, 'ACSE-02', 'ADIBA AFROZ HAMID SAYYED', 'adibasayyed_7219cse25@nit.edu.in', '9595912738', 'student_1763710934_692017d6d9bb0.png', '$2y$10$TK0KK6MZptebURyjdP7CGeycBkpY3SLoQjmHY/hrrnVsPonvGITtW', 4, 68, 1, 1, '2025', 1, '2025-11-21 07:42:14'),
(385, 'ACSE-03', 'ADITYA NIWRUTTI PATIL', 'adityapatil_7154cse25@nit.edu.in', '9322357760', 'student_1763711016_69201828919be.png', '$2y$10$ID9O3m7ALZXKFhmpWohJaeIDZnML2WUxjiIkwtXpcWaSP8vo/UVFW', 4, 68, 1, 1, '2025', 1, '2025-11-21 07:43:36'),
(386, 'ACSE-04', 'ALIZA PRAVEEN NAIM KHAN', 'alizakhan_7217cse25@nit.edu.in', '9322057131', 'student_1763711086_6920186e6b927.png', '$2y$10$iJXRuGVAtqF29ynkOxquQOeabFEpK3ehx4b1hy0kjte7fOqOISh9W', 4, 68, 1, 1, '2025', 1, '2025-11-21 07:44:46'),
(387, 'ACSE-05', 'ANIKET DINKAR MUSALE', 'aniketmusale_7146cse25@nit.edu.in', '9921317433', 'student_1763711146_692018aa99de4.png', '$2y$10$YfrdTPqkS/IR5aPt0W2FQeG.1U8B9iIsDHfq7LcdMNwTLFcNGLULO', 4, 68, 1, 1, '2025', 1, '2025-11-21 07:45:46'),
(388, 'ACSE-06', 'ANJALI SAMEER KIRNAKE', 'anjalikirnake_7158cse25@nit.edu.in', '7219457097', 'student_1763711242_6920190a60fa6.png', '$2y$10$GJwwZ0bpMCV/Xj20R8n1GOPpwH6gOoSLPbclO10rbaw9oBN0u4lyW', 4, 68, 1, 1, '2025', 1, '2025-11-21 07:47:22'),
(389, 'ACSE_07', 'ARYAN GANESH BHUTE', 'aryanbhute_7262cse25@nit.edu.in', '9272026092', 'student_1763711302_69201946eedc1.png', '$2y$10$saGT8KVplhbxuc7.j/1IuuSxDMN2d3DPFg.Ct5XS2xp3IpiGDtMTy', 4, 68, 1, 1, '2025', 1, '2025-11-21 07:48:22'),
(390, 'ACSE-08', 'ASHWINI JITESH GAYAKWAD', 'ashwinigayakwad_7068cse25@nit.edu.in', '7758077186', 'student_1763711393_692019a1ca95f.png', '$2y$10$NfJks.5VIoRf9vhnP4rfVeiej1.A11YJT25qB/D13RD/fut7fyHyu', 4, 68, 1, 1, '2025', 1, '2025-11-21 07:49:53'),
(391, 'ACSE-09', 'AYUSH NARESH SOMKUWAR', 'ayushsomkuwar_7112cse25@nit.edu.in', '9975072667', 'student_1763711453_692019ddf1ced.png', '$2y$10$ULKVAkj0SZxGk2T6aoz2BOXmnDD7ZelCLRe1lMqmIC4lzcrko117O', 4, 68, 1, 1, '2025', 1, '2025-11-21 07:50:53'),
(392, 'ACSE-10', 'AYUSH SUDHAKAR CHATULE', 'ayushchatule_7149cse25@nit.edu.in', '7249589689', 'student_1763711516_69201a1c5a4ea.png', '$2y$10$AVVPK5yFy5P7WmiBH8gHqeNslAoJZcT5tkbxr/XdQhAlHpVSdEkGi', 4, 68, 1, 1, '2025', 1, '2025-11-21 07:51:56'),
(393, 'ACSE-11', 'BHARGAV SANTOSH DESHPANDE', 'bhargavdeshpande_7022cse25@nit.edu.in', '9420902238', 'student_1763711571_69201a53bdb11.png', '$2y$10$cyBT9xIGewdFRMqG4CJCqOKk.3VgHxD0eAEHIk0jG1V27ijFhJ6/S', 4, 68, 1, 1, '2025', 1, '2025-11-21 07:52:51'),
(394, 'ACSE-12', 'BINTIKUMAR KANHAIYA SINGH', 'binitkumarsingh_6933cse25@nit.edu.in', '9511651722', 'student_1763711625_69201a8917c4c.png', '$2y$10$nVsiOuQ4DeRs0VODaptkWuciFmubrnI.Rr7layriqqfs7DTHHg8Ba', 4, 68, 1, 1, '2025', 1, '2025-11-21 07:53:45'),
(395, 'ACSE-13', 'CHAITANYA ALANKAR BHAISARE', 'chaitanyabhaisare_6938cse25@nit.edu.in', '8275013559', 'student_1763711677_69201abd678ba.png', '$2y$10$bYfE66jSorUMU8J8CdFXM.dERC2Dy3KYwl3hTMSWlfkjdHTFcJeSu', 4, 68, 1, 1, '2025', 1, '2025-11-21 07:54:37'),
(396, 'ACSE-14', 'DEETI KALYANI SHRINIWAS', 'deetishriniwas_7127cse25@nit.edu.in', '7498449397', 'student_1763711750_69201b06b2568.png', '$2y$10$2zewGAfjbWTp193urbCj9eJJsEhKPIN2PDgmkN7T1k6jFoVmePFTy', 4, 68, 1, 1, '2025', 1, '2025-11-21 07:55:50'),
(398, 'ACSE-16', 'GURPREET KAUR SWARN SINGH MINHAS', 'gurpreetkaur_7140cse25@nit.edu.in', '7391828688', 'student_1763711870_69201b7e53a1d.png', '$2y$10$44ZBVM0ee9DldNz31l1fxePCnxzx7Ct1PLyESSYK5gqVyXwembBKm', 4, 68, 1, 1, '2025', 1, '2025-11-21 07:57:50'),
(399, 'ACSE-15', 'DIVYA RAMDASJI KALBANDE', 'divyakalbande_7179cse25@nit.edu.in', '9322029651', 'student_1763711975_69201be70185b.png', '$2y$10$HjTKo/ZwFrDq5eeFWsNBcuuMnkg8l5hD4gXND6idIlyFz7We6qpZi', 4, 68, 1, 1, '2025', 1, '2025-11-21 07:59:35'),
(400, 'ACSE-17', 'HARSH ANIL CHAVHAN', 'harshchavhan_7046cse25@nit.edu.in', '9579255257', 'student_1763712032_69201c20c215a.png', '$2y$10$4mN3m9I8wpXBDIIvt5yCc.5pe6p.eXIfOQmBD6/eWI9zwxTr0oxYq', 4, 68, 1, 1, '2025', 1, '2025-11-21 08:00:32'),
(401, 'ACSE-18', 'JANHAVI VINOD SAWANT', 'janhavisawant_6995cse25@nit.edu.in', '9370695870', 'student_1763712101_69201c65c7f7b.png', '$2y$10$Cj5oldNxrbEPUMgogtExNeZPmzd.gpjXA1dbKU4stPLGWOtsB2eb6', 4, 68, 1, 1, '2025', 1, '2025-11-21 08:01:41'),
(402, 'ACSE-19', 'JANKI JAYANT PATHAK', 'jankipathak_7036cse25@nit.edu.in', '7249238153', 'student_1763712157_69201c9d38e41.png', '$2y$10$TeaRqISzDLwxezXIi5jTiOhRLYUuaNXiudq0zSsJ8vfss9p9HTI0G', 4, 68, 1, 1, '2025', 1, '2025-11-21 08:02:37'),
(403, 'ACSE-20', 'JATAN GAJANAN JAMBHULKAR', 'jatanjambhulkar_6955cse25@nit.edu.in', '7775011793', 'student_1763712212_69201cd4dfdfc.png', '$2y$10$cOnJWdPJarZEhDs17vnxL.McbdLej1zd4h63Dn39b1p06dir3JXa2', 4, 68, 1, 1, '2025', 1, '2025-11-21 08:03:32'),
(404, 'ACSE-21', 'KOMAL RAVINDRA SARODE', 'komalsarode_7213cse25@nit.edu.in', '9152761350', 'student_1763712286_69201d1edc723.png', '$2y$10$qIBQS/Yikiz1inMlh9Zm8.fnPnNZahDhUSFkDqkdA5RYKNDqE.ENW', 4, 68, 1, 1, '2025', 1, '2025-11-21 08:04:46'),
(405, 'ACSE-22', 'KUNAL YOGIRAJ DESHMUKH', 'kunaldeshmukh_7092cse25@nit.edu.in', '7262050011', 'student_1763712343_69201d57103b8.png', '$2y$10$ohbMWVcfSYsESe/G8THh6upJd8xplY24PZWR6zeOpIJe8Jx9oY4ra', 4, 68, 1, 1, '2025', 1, '2025-11-21 08:05:43'),
(406, 'ACSE-23', 'MADHURA SURESH GAJBHIYE', 'madhuragajbhiye_7223cse25@nit.edu.in', '9657874676', 'student_1763712397_69201d8d46230.png', '$2y$10$VDc.8SBFsFb2XgaaRc6ev.iyUc9D03PHdYLPMQxrngX5hV/fCJeUW', 4, 68, 1, 1, '2025', 1, '2025-11-21 08:06:37'),
(407, 'ACSE-24', 'MAHEK VASUDEO DEKATE', 'mahekdekate_7176cse25@nit.edu.in', '9226180160', 'student_1763712444_69201dbc82d17.png', '$2y$10$yM1anTffQOWJtzNHG6f9IO7w.70YH/eSYZiQR22M9tjKH6.YOqYRe', 4, 68, 1, 1, '2025', 1, '2025-11-21 08:07:24'),
(408, 'ACSE-25', 'MAHESH MADAN WAGH', 'maheshwagh_6951cse25@nit.edu.in', '9503919506', 'student_1763712508_69201dfc04af1.png', '$2y$10$MSS9wvk9L.8iBOf9H8dqz.3Pnv84eaN9dZtp9YZcK6iI/mc2YZWw.', 4, 68, 1, 1, '2025', 1, '2025-11-21 08:08:28'),
(409, 'ACSE-26', 'MAISA VINOD KALMEGH', 'maisakalmegh_7169cse25@nit.edu.in', '7276129425', 'student_1763712568_69201e385fb63.png', '$2y$10$YpRI4eRywOpl3/dle5ewQeP4L6XIyA4dchXUlKbjxKqJkOa.y6Nwq', 4, 68, 1, 1, '2025', 1, '2025-11-21 08:09:28'),
(410, 'ACSE-27', 'MANASHRI VIJAY PUND', 'manashripund_7172cse25@nit.edu.in', '9579516987', 'student_1763712611_69201e63e4cc4.png', '$2y$10$qXkQm7DstEQvqkosIDqAG.d1F8TPzuOjhEq.O6/Eb0mdLqzFOEVF.', 4, 68, 1, 1, '2025', 1, '2025-11-21 08:10:11'),
(411, 'ACSE-28', 'MANDAR SANTOSH BANGALE', 'mandarbangale_6968cse25@nit.edu.in', '8390817925', 'student_1763712658_69201e92828c0.png', '$2y$10$eYXB9.114fqKa.B9CiWwiOui6DFhG0hujzwUfbNSMitvAJ1/cw3/.', 4, 68, 1, 1, '2025', 1, '2025-11-21 08:10:58'),
(412, 'ACSE-29', 'MANTASHA NOOR MOBEEN KAMAL', 'manthanarghode_7252cse25@nit.edu.in', '8668610316', 'student_1763712881_69201f7179250.png', '$2y$10$WY.yP4c0Op5wp/KHhadSE.2vUVbOK98MizCD5BuizowYLSumH8iDe', 4, 68, 1, 1, '2025', 1, '2025-11-21 08:14:41'),
(413, 'ACSE-30', 'MAYANK SHAM YADAV', 'mayankyadav_6961cse25@nit.edu.in', '9860401784', 'student_1763712934_69201fa658c56.png', '$2y$10$ngpYJPFaPgG.hvm5YQaxnujDpn1XzCA9kyg07/EMzkcULGyZ01DN6', 4, 68, 1, 1, '2025', 1, '2025-11-21 08:15:34'),
(414, 'ACSE-31', 'NIKITA PRABHAKAR RAUT', 'nikitaraut_7259cse25@nit.edu.in', '8429830427', 'student_1763713017_69201ff9b761d.png', '$2y$10$nKtUZDjYPD1jYkBLZmljTu3DoF.gaBC/jh1dLAaBsoarylwjqkXQC', 4, 68, 1, 1, '2025', 1, '2025-11-21 08:16:57'),
(415, 'ACSE-32', 'NILIMA NIRANJANDAS CHAURE', 'nilimachaure_7029cse25@nit.edu.in', '9545301600', 'student_1763713062_6920202675289.png', '$2y$10$rsJNDkYe2x2fb8JKksqX7.fivP0OizVYaXGaBmKUmDysimesTN64W', 4, 68, 1, 1, '2025', 1, '2025-11-21 08:17:42'),
(416, 'ACSE-33', 'NISHIKA SANDIP JICHKAR', 'nishikajichkar_7090cse25@nit.edu.in', '9970377128', 'student_1763713110_692020567869e.png', '$2y$10$/KwGFsy6YV5U9rfLjYMGDOuOiMu0TT0PRfL3XNUfg3/hkz1bdSLU6', 4, 68, 1, 1, '2025', 1, '2025-11-21 08:18:30'),
(417, 'ACSE-34', 'OM VISHNU PATIL', 'ompatil_7069cse25@nit.edu.in', '7020796534', 'student_1763713156_6920208457c67.png', '$2y$10$NUkmPAlaLIuzmdkmBgPtv.6aB9SII1q4UcncefxCVjx5wFQiklUcm', 4, 68, 1, 1, '2025', 1, '2025-11-21 08:19:16'),
(418, 'ACSE-35', 'PARI VIJAY WANDHARE', 'pariwandhare_7190cse25@nit.edu.in', '9511794547', 'student_1763713197_692020ade27fa.png', '$2y$10$aYuZGClH.4O.0qY7n2CoHejRKEr5JQqq0DZrH.tcC.rRdSGtlxaBa', 4, 68, 1, 1, '2025', 1, '2025-11-21 08:19:57'),
(419, 'ACSE-36', 'PARTH AVINASH THAKRE', 'parththakre_7002cse25@nit.edu.in', '8237890176', 'student_1763713241_692020d9dcfd9.png', '$2y$10$s5r1H2qAphx42bkpoqYCaOtIVwnFjBS0d7SelaLuIzhbU/9.U9RAa', 4, 68, 1, 1, '2025', 1, '2025-11-21 08:20:41'),
(420, 'ACSE-37', 'PAYAL GAJANAN SALODE', 'payalsalode_7292cse25@nit.edu.in', '7709576195', 'student_1763713306_6920211a4365f.png', '$2y$10$SBdF9bFX7EiV58r1z2ifPeCv8QgkU5lj7Nf4M4gNECzX.HxPA5be2', 4, 68, 1, 1, '2025', 1, '2025-11-21 08:21:46'),
(421, 'ACSE-38', 'PRAJAKTA SUNIL BOPULKAR', 'prajaktabopulkar_7078cse25@nit.edu.in', '7448075839', 'student_1763713353_69202149daec7.png', '$2y$10$aIet1nbZYtWK3XV38NhqkeUuCZG.Fm84EvJBIaJjbeuzmGkrkwBIu', 4, 68, 1, 1, '2025', 1, '2025-11-21 08:22:33'),
(422, 'ACSE-39', 'PRATHAMESH VINOD DEHANKAR', 'prathameshdehankar_7312cse25@nit.edu.in', '9322549076', 'student_1763713404_6920217c0129d.png', '$2y$10$H./YyhIYk4XxdVJ8Vn1Cje5BhVTMpXUtAT7Jv0PC50I6IR.tlmwHy', 4, 68, 1, 1, '2025', 1, '2025-11-21 08:23:24'),
(423, 'ACSE-40', 'PREM CHOPRAM ZINGARE', 'premzingare_7163cse25@nit.edu.in', '8806457120', 'student_1763713439_6920219f2cdbe.png', '$2y$10$bTxRzIwIQ5wToOYFHZQHSOEqdeog0dv6cxrMlK0rgvKyDNEux3GhW', 4, 68, 1, 1, '2025', 1, '2025-11-21 08:23:59'),
(424, 'ACSE-41', 'PRIME LILADHAR SAMRIT', 'primesamrit_7195cse25@nit.edu.in', '9359142015', 'student_1763713474_692021c2995f9.png', '$2y$10$Tau.n7aJLJYYI.vNF4i/EOALHpf0Gxdlqmr5WuiQH6caI0YWSyCai', 4, 68, 1, 1, '2025', 1, '2025-11-21 08:24:34'),
(425, 'ACSE-42', 'PRIYANKA BANDU NINAVE', 'priyankaninave_7123cse25@nit.edu.in', '9960854125', 'student_1763713525_692021f56ca75.png', '$2y$10$RVIHUYOh7lP4mq4gL.n0sOYpZaWadiL8GWsl25zxWgRiGzCgrnYju', 4, 68, 1, 1, '2025', 1, '2025-11-21 08:25:25'),
(426, 'ACSE-43', 'RAJVEER CHANDRABHAN GUPTA', 'rajveergupta_7236cse25@nit.edu.in', '8806571042', 'student_1763713571_69202223de69f.png', '$2y$10$NbHZXSmRMJmEk.7oJHtwfuYrOk6I82O2D9vHzgEJGuTcXlRywJpyS', 4, 68, 1, 1, '2025', 1, '2025-11-21 08:26:11'),
(427, 'ACSE-44', 'RUDRA RAJESH NINAWE', 'rudraninawe_7270cse25@nit.edu.in', '8010510174', 'student_1763713616_692022506c936.png', '$2y$10$j0JSYyxMXp6KTpnc6jlife3fVNI13rwtZDQgXWMxi4RLFVFY3m7Xi', 4, 68, 1, 1, '2025', 1, '2025-11-21 08:26:56'),
(428, 'ACSE-45', 'SAIRAM SHIVAJI PALLEKONDWAD', 'sairampallekondwad_7037cse25@nit.edu.in', '9021635659', 'student_1763713655_69202277ca5c7.png', '$2y$10$Wfu0OhNgkfayao9WEM9WHuDUceBOF0NLcQGWmpP5LqCX4Ac9U/oLW', 4, 68, 1, 1, '2025', 1, '2025-11-21 08:27:35'),
(429, 'ACSE-46', 'SAKSHI DILIP KOLHE', 'sakshikolhe_7110cse25@nit.edu.in', '9890126481', 'student_1763713697_692022a1ca6d7.png', '$2y$10$yPjeKIRv7RhRQTv7Rn9Fae1ABTfFIewQ3QcOvN2OUjmAFdut7A.um', 4, 68, 1, 1, '2025', 1, '2025-11-21 08:28:17'),
(430, 'ACSE-47', 'SAMYAK MUNNESHWAR NAGRARE', 'samyaknagrare_7279cse25@nit.edu.in', '9561867658', 'student_1763713763_692022e3adba0.png', '$2y$10$Kxc57q4d268J/tngSBbvRuuFr1trIK.BvEHPtI7vp6UiJ9PJwFBzu', 4, 68, 1, 1, '2025', 1, '2025-11-21 08:29:23'),
(431, 'ACSE-48', 'SANSKRUTI SANJAY RATHOD', 'sanskrutirathod_6957cse25@nit.edu.in', '9699407741', 'student_1763713818_6920231a404a3.png', '$2y$10$pMK8FENbnR510cl3JuJ5EeONsgIT57IEvg/ZAHrfne0SvjZX0PlQa', 4, 68, 1, 1, '2025', 1, '2025-11-21 08:30:18'),
(432, 'ACSE-49', 'SAYALI NANDKISHOR JUGSENIYA', 'sayalijugseniya_7207cse25@nit.edu.in', '7264062612', 'student_1763713855_6920233fba2fc.png', '$2y$10$x6Gp4.hU/QH/JvNh08zpJ.HHag2Dmq1og1cQrc7Rq99wTBrq3bYLG', 4, 68, 1, 1, '2025', 1, '2025-11-21 08:30:55'),
(433, 'ACSE-50', 'SEJAL ROSHAN RAMTEKE', 'sejalramteke_7155cse25@nit.edu.in', '7822018764', 'student_1763713891_69202363c1a95.png', '$2y$10$qyakSaQoksjrP2M2lwLzXe7qhvG3nMLwO4AN0.v7m482XZ7/AbuJC', 4, 68, 1, 1, '2025', 1, '2025-11-21 08:31:31'),
(434, 'ACSE-51', 'SHIVAM MANOJSINGH CHAVHAN', 'shivamchavhan_6994cse25@nit.edu.in', '8817183868', 'student_1763713935_6920238f0ef8c.png', '$2y$10$mqoAMJWE6Byo4.EWtXTx7OclTws9QWuWH7C20qnbJeHkK37ek9Jui', 4, 68, 1, 1, '2025', 1, '2025-11-21 08:32:15'),
(435, 'ACSE-52', 'SHRADDHA HEMRAJ DONGARE', 'shraddhadongare_7308cse25@nit.edu.in', '9112604357', 'student_1763713981_692023bd27ac9.png', '$2y$10$kODqsh6rD30vYEVgJp3qp.kcFAN.3JB12mnxvD5x2BD53bGy3T8Su', 4, 68, 1, 1, '2025', 1, '2025-11-21 08:33:01'),
(436, 'ACSE-53', 'SONALI ARVIND RAMTEKE', 'sonaliramteke_7016cse25@nit.edu.in', '9579556254', 'student_1763714024_692023e87f488.png', '$2y$10$FQaio43WUW4yBiCekhGel.OUYOGy8tOHbB94KxTy.iymrj6cCmYLW', 4, 68, 1, 1, '2025', 1, '2025-11-21 08:33:44'),
(437, 'ACSE-54', 'TANISHKA SUNIL BORKAR', 'tanishkaborkar_7226cse25@nit.edu.in', '8275640574', 'student_1763714082_69202422f1b95.png', '$2y$10$hMUvVxkBTklqWED8miDSyeKT8diCw9EjP6cgM7aoxAVChVLECp0xe', 4, 68, 1, 1, '2025', 1, '2025-11-21 08:34:42'),
(438, 'ACSE-55', 'TANMAY SHARAD KAUTKAR', 'tanmaykautkar_7294cse25@nit.edu.in', '7498834855', 'student_1763714131_6920245322c21.png', '$2y$10$7zi8MPDTIxu5xvMS7shxw.vDXogtWPzl66Zhdo4lPxPEvw2T30tfq', 4, 68, 1, 1, '2025', 1, '2025-11-21 08:35:31'),
(439, 'ACSE-56', 'TANUJA DNYANESHWAR NARINGE', 'tanujanaringe_6950cse25@nit.edu.in', '9823532604', 'student_1763714185_6920248957fcb.png', '$2y$10$IRNtJUIb5WcUq5tS4Q6/4esB8t93Y3dNnA5nDM.uIvI09qMhNT0Gq', 4, 68, 1, 1, '2025', 1, '2025-11-21 08:36:25'),
(440, 'ACSE-57', 'TASMIYA NAUSHAD PATHAN', 'tasmiyapathan_6953cse25@nit.edu.in', '7038725948', 'student_1763714226_692024b26c171.png', '$2y$10$w45x8NsreW9vjUE/1RPHHuMVtOzln3OgQu0o.MdcQOK4cDB1SjpfC', 4, 68, 1, 1, '2025', 1, '2025-11-21 08:37:06'),
(441, 'ACSE-58', 'TEJAS DEEPAK KACHHAWAH', 'tejaskachhawah_7074cse25@nit.edu.in', '9699362131', 'student_1763714297_692024f9f26a2.png', '$2y$10$9kS6/RElMOBMiqKmRSY6h.BUs4uDdHhVq.1mg0FUM6sXGJlrePW1K', 4, 68, 1, 1, '2025', 1, '2025-11-21 08:38:17'),
(442, 'ACSE-59', 'TEJAS SANTOSH SAHARE', 'tejassahare_6944cse25@nit.edu.in', '7028037890', 'student_1763714337_69202521f2445.png', '$2y$10$VPz0JLLVgIntK9tSPpBsYOsKBoHu5qfSxNLAiU7SXOBu.feITqA6W', 4, 66, 1, 1, '2025', 1, '2025-11-21 08:38:57'),
(443, 'ACSE-60', 'TULSI SANTOSH MESHRAM', 'tulsimeshram_6984cse25@nit.edu.in', '7264965211', 'student_1763714397_6920255d90ecc.png', '$2y$10$j58SjJLos.YRvawt6d/DU.ig6ymfubAGx7.8AKNC/U475hhTsH3Hq', 4, 68, 1, 1, '2025', 1, '2025-11-21 08:39:57'),
(444, 'ACSE-61', 'VEDANSHREE GAJANAN SAWAI', 'vedanshreesawai_6934cse25@nit.edu.in', '8956420803', 'student_1763714442_6920258a67717.png', '$2y$10$sCfgqbJjFnWxA0uxiMSgV.1H2f5goAlKltwO1d11e3d8MpBQVHb3W', 4, 68, 1, 1, '2025', 1, '2025-11-21 08:40:42'),
(445, 'ACSE-62', 'VEDANT SUNIL PAWAR', 'vedantpawar_7056cse25@nit.edu.in', '8459394586', 'student_1763714504_692025c85b8f9.png', '$2y$10$SitgMey/DKb/S5V3Ly0i2.eBm4dGA1B3qFllnNzzfITAwlqkopZvG', 4, 68, 1, 1, '2025', 1, '2025-11-21 08:41:44'),
(446, 'ACSE-63', 'VIDHI PRAVIN TUPKAR', 'vidhitupkar_7266cse25@nit.edu.in', '9403349477', 'student_1763714551_692025f7510fc.png', '$2y$10$9mgeSvCbNhXrbEeKmvtVXeFIcSJXOKnjijoc7dBYYxqYsvFk9K02y', 4, 68, 1, 1, '2025', 1, '2025-11-21 08:42:31'),
(447, 'ACSE-64', 'VISHESH SANTOSH BANGRE', 'visheshbangre_7166cse25@nit.edu.in', '9322090576', 'student_1763714625_692026417cff1.png', '$2y$10$WcIZiPgDK35PmIYt3yvbLendELao4Mh3PaYZlmCazyomxGpm6dugW', 4, 68, 1, 1, '2025', 1, '2025-11-21 08:43:45'),
(448, 'ACSE-65', 'VISHWARI RAVINDRA CHINCHMALATPURE', 'vishwarichinchmalatpure_7296cse25@nit.edu.in', '7875336342', 'student_1763714680_69202678553a3.png', '$2y$10$xPVfwvr6s/iMsa8VVT5SPOUJ6KDjW5aOzAvxIwqQLwb08DGRkFQQS', 4, 68, 1, 1, '2025', 1, '2025-11-21 08:44:40'),
(449, 'ACSE-66', 'YASH KUNDLIK NANDESHWAR', 'yashnannaware_7273cse25@nit.edu.in', '9579849311', 'student_1763714724_692026a496fae.png', '$2y$10$f/8Q8dct54rU.0axBbNeGeRZ9oj2chwX2G1NrTa8mzZH2ke5i.6IC', 4, 68, 1, 1, '2025', 1, '2025-11-21 08:45:24'),
(451, 'BCSE-06', 'ARYAN NANDKISHOR PAL', 'aryanpal_7152cse25@nit.edu.in', '9834659244', 'student_1763714879_6920273fd4c06.png', '$2y$10$IY1lWh1V1le4QR2PXkd61e4p.qfoKEnT8aLrbiTRXrSkpQOJYDxZW', 4, 90, 1, 1, '2025', 1, '2025-11-21 08:47:59'),
(452, 'BCSE-07', 'ARYAN VIJAY KITUKALE', 'aryankitukale_7235cse25@nit.edu.in', '8411914251', 'student_1763714921_692027692f1df.png', '$2y$10$GkKpmx39UVTQtKEHSnoYy.672yZ4TS0BQYfBtaOcZzDSxC3Si.qLa', 4, 90, 1, 1, '2025', 1, '2025-11-21 08:48:41'),
(453, 'BCSE-08', 'BRIJESH BABALU MADHEKAR', 'brijeshmadhekar_6958cse25@nit.edu.in', '7620001752', 'student_1763714961_69202791e4ec5.png', '$2y$10$RMa9o7Jb4xA29WStgx3Qie4BebGogsBbmOkqWEYKgYOQav.2GMR1y', 4, 90, 1, 1, '2025', 1, '2025-11-21 08:49:21'),
(454, 'BCSE-09', 'CHAITANYA WASUDEO RAUT', 'chaitanyaraut_6943cse25@nit.edu.in', '8600193146', 'student_1763715002_692027baaf127.png', '$2y$10$gc96a50H0p5Md7qU7fNTveJ6WtkA1imvitw8kW19JK4uCEq9AVlRO', 4, 90, 1, 1, '2025', 1, '2025-11-21 08:50:02'),
(455, 'BCSE-10', 'DHRUVESH RAMKRRUSHNA PARATE', 'dhruveshparate_7305cse25@nit.edu.in', '9130508625', 'student_1763715039_692027dfd48f8.png', '$2y$10$SjP33vYkpYhsRMQUxXmvhOm9HnQQgBqtfArbMv3sTHWGq5N827IuK', 4, 90, 1, 1, '2025', 1, '2025-11-21 08:50:39'),
(456, 'BCSE-11', 'DINESH DILIP KALE', 'dineshkale_7077cse25@nit.edu.in', '8975669285', 'student_1763715077_692028057f500.png', '$2y$10$vibihUKVUYVey3RAqpLnnOM4hWMoDKzJpErADMZgdt62FkCFxKjKC', 4, 90, 1, 1, '2025', 1, '2025-11-21 08:51:17'),
(457, 'BCSE-12', 'HARSHITA RAVINDRA MANUSMARE', 'harshitamanusmare_7034cse25@nit.edu.in', '9921420921', 'student_1763715168_6920286020b81.png', '$2y$10$oot5lw2v5fhYBYlXc7QYtuXHsZr8tLxh.uxxdTZhcVVgDP4Y4Rnw.', 4, 90, 1, 1, '2025', 1, '2025-11-21 08:52:48'),
(458, 'BCSE-13', 'JANHVI PRAKASH BAMBAL', 'janhvibambal_7150cse25@nit.edu.in', '9322401157', 'student_1763715211_6920288b526cd.png', '$2y$10$3zIJPZ/VzEMy.bb8oy8D5uKRx8sD9RrUCLArXZBDTwg5llc/bcSb.', 4, 90, 1, 1, '2025', 1, '2025-11-21 08:53:31'),
(459, 'BCSE-14', 'JAYENDRA JAYPAL FUNDE', 'jayendrafunde_7164cse25@nit.edu.in', '7030533246', 'student_1763715270_692028c64aa35.png', '$2y$10$NeSqlR.jboGCXWAGQdJmnudLgpZfSZYBg1GIJBnL2G34DjKPjG0Ty', 4, 90, 1, 1, '2025', 1, '2025-11-21 08:54:30'),
(460, 'BCSE-15', 'KALASH VINOD KOLHATKAR', 'kalashkolhatkar_7202cse25@nit.edu.in', '8767813403', 'student_1763715308_692028ec54286.png', '$2y$10$p0v4fgojYga7msN.DXg4.ejc5re.f65WgDbt7d7SIoQpMtelS2RDC', 4, 90, 1, 1, '2025', 1, '2025-11-21 08:55:08'),
(461, 'BCSE-16', 'KARTIK VASUDEO CHOUDHARY', 'kartikchoudhary_7020cse25@nit.edu.in', '8999328701', 'student_1763715353_6920291972fa1.png', '$2y$10$ycDU3YEMi7LD2JYOzwUfp.BeCj4L6ysJbV4xg4jrUv1zQsN1OSPom', 4, 90, 1, 1, '2025', 1, '2025-11-21 08:55:53'),
(462, 'BCSE-17', 'LOBHANSHA KISHOR DAHAKE', 'lobhanshadahake_6942cse25@nit.edu.in', '9730721764', 'student_1763715412_692029546efe9.png', '$2y$10$dbaXJeVjOzutAVjjECfK7u.Wl6sY.WsseWYAdLCq3nln5WUXNLg.i', 4, 90, 1, 1, '2025', 1, '2025-11-21 08:56:52'),
(467, 'BCSE-20', 'MEGHA UMESH DHARMIK', 'meghadharmik_7265cse25@nit.edu.in', '9158327881', 'student_1763715856_69202b10d044e.png', '$2y$10$PV99PZHjkPuAfUtLscOgWOIdndCdOqrgCPV6jQAmr/qwwxkcgopC2', 4, 90, 1, 1, '2025', 1, '2025-11-21 09:04:16'),
(468, 'BCSE-21', 'MEHUL GAUTAM MESHRAM', 'mehulmeshram_7071cse25@nit.edu.in', '7066948241', 'student_1763715929_69202b59cc2e5.png', '$2y$10$ljCdLmFLSaONJW9MVEAb3evb0J4Iej8T4.lIXuzDb8RysUiJRYREO', 4, 90, 1, 1, '2025', 1, '2025-11-21 09:05:29'),
(469, 'BCSE-22', 'MILIND BHUNESHWAR GIRI', 'milindgiri_6999cse25@nit.edu.in', '9699736085', 'student_1763715984_69202b90c7955.png', '$2y$10$ed6mdXmNPwnLfJfSLy9AbuE8um0/XR225et4EWKQM8mZW0Cog5VMG', 4, 90, 1, 1, '2025', 1, '2025-11-21 09:06:24'),
(470, 'BCSE-23', 'MOHAMMAD FARHAN SHAKIL AHMED', 'mohammadfarhan_7049cse25@nit.edu.in', '8657860835', 'student_1763716044_69202bcc25294.png', '$2y$10$rymJyT12g3BeiwJy6ZbMAeD06HEQCkjwRt1uX.NJpq/OGEDPn7QsG', 4, 90, 1, 1, '2025', 1, '2025-11-21 09:07:24'),
(471, 'BCSE-24', 'MRUNALI VITHOBA MARASKOLHE', 'mrunalimaraskolhe_7161cse25@nit.edu.in', '8421948262', 'student_1763716090_69202bfa8ff12.png', '$2y$10$SGpuAIMeJaE2VvxF5.Z/ceK6dQr6Wqa/a8MR57R1ZaWfsFau2dEQC', 4, 90, 1, 1, '2025', 1, '2025-11-21 09:08:10'),
(472, 'BCSE-25', 'NAMRATA ANIL NAVALE', 'namratanavale_7225cse25@nit.edu.in', '7058963610', 'student_1763716129_69202c21e2cbd.png', '$2y$10$7HwpORz7N4.OWmvYKx/Pbu36624RkEGHDarVOiD1gJAT4jtrF4xUe', 4, 90, 1, 1, '2025', 1, '2025-11-21 09:08:49'),
(473, 'BCSE-26', 'NANDINI GAURISHANKAR BANKAR', 'nandinibankar_7211cse25@nit.edu.in', '9156912062', 'student_1763716170_69202c4a7a921.png', '$2y$10$JO34XjAN.RQub7Fu2tmyGeJyP9IKojyPFbLaicbZU/.nSLPDlQuVe', 4, 90, 1, 1, '2025', 1, '2025-11-21 09:09:30'),
(474, 'BCSE-27', 'NEHA GANESH JIBHAKATE', 'nehajibhakate_7191cse25@nit.edu.in', '7798285192', 'student_1763716218_69202c7a666e0.png', '$2y$10$DJ/RVPZETmTKuk2s5mokSOWy7LTCEeIHHX1hcFevvhyRztgIuwaTa', 4, 90, 1, 1, '2025', 1, '2025-11-21 09:10:18'),
(475, 'BCSE-28', 'NIDHI ANIL RAUT', 'nidhiraut_7293cse25@nit.edu.in', '9579206328', 'student_1763716258_69202ca2213a7.png', '$2y$10$9OJMpr5AsW3HD7GOa.iQr.7QWsESvnEgRDi/ljycr8zK7YS9adwji', 4, 90, 1, 1, '2025', 1, '2025-11-21 09:10:58'),
(476, 'BCSE-29', 'NIDHI ASHOK BASANWAR', 'nidhibasanwar_7215cse25@nit.edu.in', '8208264560', 'student_1763716293_69202cc507e66.png', '$2y$10$A79SjMqiQszkCH0.ut/ZguhWjc2xm.KCBJfXxWrBB/zhEgBLobcGa', 4, 90, 1, 1, '2025', 1, '2025-11-21 09:11:33'),
(477, 'BCSE-30', 'NIHARIKA SHANTILAL PACHDHARE', 'niharikapachdhare_7051cse25@nit.edu.in', '7517662821', 'student_1763716331_69202ceb9e122.png', '$2y$10$kkNG8baoDpapmCUr5fLEjuy/QUmm20it1viQTxcSBC2oKn2UDSHXu', 4, 90, 1, 1, '2025', 1, '2025-11-21 09:12:11'),
(478, 'BCSE-31', 'NIKHIL SURESH NINAWE', 'nikhilninawe_7156cse25@nit.edu.in', '8503801634', 'student_1763716393_69202d29d3fe8.png', '$2y$10$Z/FxCby.7c37G8AUEWET3uPxYibzCzdBCq1VOxMvlQ25JLauPcBoO', 4, 90, 1, 1, '2025', 1, '2025-11-21 09:13:13'),
(479, 'BCSE-32', 'NIKHILESH PRAKASH DIKONDWAR', 'nikhileshdikondwar_6971cse25@nit.edu.in', '9096343589', 'student_1763716432_69202d50cd57c.png', '$2y$10$.0rasAeX.CquDes48RMPeOVp8Ztuq7CelBLB/93fKixmR5jkyy3wi', 4, 90, 1, 1, '2025', 1, '2025-11-21 09:13:52'),
(480, 'BCSE-33', 'NISARG ATUL SATHAWANE', 'nisargsathawane_7264cse25@nit.edu.in', '8484990082', 'student_1763716470_69202d76a68c4.png', '$2y$10$KJ2w1RBEmHOmrVs.rdf9W.H7E.cGPYaK7mej7oBCGfoLSZ9Ty3vMq', 4, 90, 1, 1, '2025', 1, '2025-11-21 09:14:30'),
(481, 'BCSE-34', 'PRACHI VIJAY GADGE', 'prachigadge_7174cse25@nit.edu.in', '7020572143', 'student_1763716526_69202daeab977.png', '$2y$10$X7Rr8TTUuYsb7AHn1qH3xuzkU7PX3KShebh4kVggq5KpcYxzQ0l/6', 4, 90, 1, 1, '2025', 1, '2025-11-21 09:15:26'),
(482, 'BCSE-35', 'PRANALI SUBHASH MOON', 'pranalimoon_7076cse25@nit.edu.in', '8830240886', 'student_1763716568_69202dd852541.png', '$2y$10$g7CDPGI/fdms.x.cHVDBIumaJ4b4Dzdcq0ToJkpH87kaWUhvZWCUq', 4, 90, 1, 1, '2025', 1, '2025-11-21 09:16:08'),
(483, 'BCSE-36', 'PRANJAL KRUSHNA FULE', 'pranjalfule_6936cse25@nit.edu.in', '9243579304', 'student_1763716632_69202e18b624c.png', '$2y$10$lGKHW31MkNhXTVZbXlds3.s8.gXool4kpF4qF/I.0Jl3ssEgGofxK', 4, 90, 1, 1, '2025', 1, '2025-11-21 09:17:12'),
(484, 'BCSE-37', 'PRIYA BABANRAO NAGLE', 'priyanagle_6992cse25@nit.edu.in', '7498358199', 'student_1763716683_69202e4b14780.png', '$2y$10$kxrFxjoo1w213hrdHtF./O.21ru.n1p0dfrOLd24wFPoYnEGdGkb2', 4, 90, 1, 1, '2025', 1, '2025-11-21 09:18:03'),
(485, 'BCSE-38', 'PUNAM KRUSHNAKUMAR BISEN', 'punambisen_7138cse25@nit.edu.in', '9834997178', 'student_1763716722_69202e72586ec.png', '$2y$10$c6j20b3G5sdgRE/Rn685f.bnwUsExA6N/RjfF6/DCUKTeSg64XMx.', 4, 90, 1, 1, '2025', 1, '2025-11-21 09:18:42'),
(486, 'BCSE-39', 'RAXIT PRAVIN KADU', 'raxitkadu_6954cse25@nit.edu.in', '9049350608', 'student_1763716774_69202ea6377fa.png', '$2y$10$QBh5Cj691F2lhbxu0wysdOwhfeUzsGqedwqSZluQHT48rNPcx9AN.', 4, 90, 1, 1, '2025', 1, '2025-11-21 09:19:34'),
(487, 'BCSE-40', 'RISHABH JAYPAL PATIL', 'rishabhpatil_7136cse25@nit.edu.in', '9322789943', 'student_1763716818_69202ed21b7d3.png', '$2y$10$0WKP7NmwaaIrb2B4rNNM2uzVpA6.SPsYy3FkjFktZ.anAaK2jHESW', 4, 90, 1, 1, '2025', 1, '2025-11-21 09:20:18'),
(488, 'BCSE-41', 'RIYA NILESH BANKAR', 'riyabankar_7118cse25@nit.edu.in', '8999881356', 'student_1763716869_69202f051836b.png', '$2y$10$6qo3u3OQc3ZCtSZTD.6f4OwFeni54AbfzK9.Nq7O1t4XfpMwAe5vi', 4, 90, 1, 1, '2025', 1, '2025-11-21 09:21:09'),
(489, 'BCSE-42', 'RIYA SANJAY KOLURWAR', 'riyakolurwar_7247cse25@nit.edu.in', '9665252699', 'student_1763716912_69202f30bb264.png', '$2y$10$fX4.MT7m9aedCYp7PHe5t.ermcu28CmmKaaA1glMDbhFuvljYaBeO', 4, 90, 1, 1, '2025', 1, '2025-11-21 09:21:52'),
(490, 'BCSE-43', 'ROUNAK VINAY SINGH', 'rounaksingh_6965cse25@nit.edu.in', '9209393056', 'student_1763716977_69202f7127069.png', '$2y$10$pKsd3Vd7HCixQ57Cc/nbz.ud339r7SYCkfACzUqswk8ZNBQUEkZMO', 4, 90, 1, 1, '2025', 1, '2025-11-21 09:22:57'),
(491, 'BCSE-44', 'RUCHIKA PRAKASH SONKUSARE', 'ruchikasonkusare_7177cse25@nit.edu.in', '9270488827', 'student_1763717030_69202fa66d785.png', '$2y$10$kltCR9rZs0DiLfI62lAHqeWNaaU/3jSow0xTVvZ2u4fiqJJWv0umS', 4, 90, 1, 1, '2025', 1, '2025-11-21 09:23:50'),
(492, 'BCSE-45', 'SAHIL GUNVANT CHAVHAN', 'sahilchavhan_6947cse25@nit.edu.in', '8263802270', 'student_1763717081_69202fd9899c6.png', '$2y$10$jSHnJVeZ9PyEccDmstQwJe7I6Xao3GpBDXjPU71Uh9O1Pntq0D0uW', 4, 90, 1, 1, '2025', 1, '2025-11-21 09:24:41'),
(493, 'BCSE-46', 'SAMIKSHA MAHESH FUNDE', 'samikshafunde_7125cse25@nit.edu.in', '7875273266', 'student_1763717150_6920301e17896.png', '$2y$10$PPvkeWlikUpKeCTVGARnk.L9KP1yOfSW56EZB7IDo2i8gANNPXdT.', 4, 90, 1, 1, '2025', 1, '2025-11-21 09:25:50'),
(494, 'BCSE-47', 'SAMRAT SARNATH MOHOD', 'samratmohod_7106cse25@nit.edu.in', '9923588348', 'student_1763717204_69203054a32f9.png', '$2y$10$BVHlIaOxOS.LIWVwRXuoreWhmYKBRBGEIwl9eqLzssjSjBaOmAzKG', 4, 90, 1, 1, '2025', 1, '2025-11-21 09:26:44'),
(495, 'BCSE-48', 'SANCHITI SANJAY NIRWAN', 'sanchitinirwan_7100cse25@nit.edu.in', '9730123552', 'student_1763717283_692030a3ef25f.png', '$2y$10$xKcjCsLukgDb1hIEDpa8muwUHSbqe6lX8dgx3FpkkzoYItLkTxqjK', 4, 90, 1, 1, '2025', 1, '2025-11-21 09:28:03'),
(496, 'BCSE-49', 'SANI GAUTAM DESHBHRATAR', 'sanideshbhratar_7032cse25@nit.edu.in', '9637235141', 'student_1763717343_692030df99bb8.png', '$2y$10$uV4eRD7leqJXitReq9atveRohSLLCRv8y52XBuT0goKou/cW.dZ6y', 4, 90, 1, 1, '2025', 1, '2025-11-21 09:29:03'),
(497, 'BCSE-50', 'SATYAM HANUMAN PRASAD SHUKLA', 'satyamshukla_7067cse25@nit.edu.in', '9561431595', 'student_1763717394_6920311207238.png', '$2y$10$bTz1Vd42uSwjlWP.aMWnJOjT9GQrqHCf6O0DBJ6ti1JxxUkXiW53q', 4, 90, 1, 1, '2025', 1, '2025-11-21 09:29:54'),
(498, 'BCSE-51', 'SHREYASH GAUTAM SORDE', 'shreyashsorde_7045cse25@nit.edu.in', '9356514243', 'student_1763717438_6920313e78611.png', '$2y$10$TYzmGzYPoQ733.OvPrkLousTLAONty1OYyQ25m..53Qo/LKJonLiK', 4, 90, 1, 1, '2025', 1, '2025-11-21 09:30:38'),
(499, 'BCSE-52', 'SHRUTI SHISHUPAL WALKE', 'shrutiwalke_7255cse25@nit.edu.in', '9209579343', 'student_1763717484_6920316ce1b36.png', '$2y$10$KwyJ7/VtWc1Hu4/ucxYX/uso1yl4rPB2uhTUo1kdfakGm4x825bLO', 4, 90, 1, 1, '2025', 1, '2025-11-21 09:31:24'),
(500, 'BCSE-53', 'SHUBHANGI ASARAM ANDHALE', 'shubhangiandhale_6964cse25@nit.edu.in', '9307432108', 'student_1763717533_6920319db4dca.png', '$2y$10$NvyO.fj57il85DpdHqn5hOxM5CqfZMmHMFbKxq0I8CI5cl2f6K8rO', 4, 90, 1, 1, '2025', 1, '2025-11-21 09:32:13'),
(501, 'BCSE-54', 'SHUBHANGI SANJAY JAYBHAYE', 'shubhangijaybhaye_6956cse25@nit.edu.in', '9518914035', 'student_1763717575_692031c7e9ba4.png', '$2y$10$yfsWbfODrmgIFwms65RqyucSBsrVq29WAAnyyzny0.yAm..iCTN4e', 4, 90, 1, 1, '2025', 1, '2025-11-21 09:32:55'),
(502, 'BCSE-55', 'SIDDHARTH SHRIKANT UKEY', 'siddharthukey_7284cse25@nit.edu.in', '8975714701', 'student_1763717630_692031fe804e6.png', '$2y$10$.1Dv2zNw0Rm2pDKGfpYv5eL57Uwz20LNHo57lTQBtOR0UwJt6dYo2', 4, 90, 1, 1, '2025', 1, '2025-11-21 09:33:50'),
(503, 'BCSE-56', 'SMITA ANIL KAYANDE', 'smitakayande_6952cse25@nit.edu.in', '9272003573', 'student_1763717671_69203227c0caf.png', '$2y$10$pM8uC7NvmpDod7QdMbcxJeYJZQWYB60GbyaCt8R/KPL49msizpmFO', 4, 90, 1, 1, '2025', 1, '2025-11-21 09:34:31'),
(504, 'BCSE-57', 'SUDHANSHU NANDKISHOR BHASAKHETRE', 'sudhanshubhasakhetre_7186cse25@nit.edu.in', '9325262638', 'student_1763717723_6920325bb55d4.png', '$2y$10$OMujVr7kpQ0a/WHkKPHB.eJx9qHrexyeDQxCP68mm3Hd8lcF9eee.', 4, 90, 1, 1, '2025', 1, '2025-11-21 09:35:23'),
(505, 'BCSE-58', 'TANISH NITIN SONDOWLE', 'tanishsondowle_7148cse25@nit.edu.in', '9372182858', 'student_1763717769_692032890e61b.png', '$2y$10$zhXH16nM5arEpiWEz1TpEejxj1XjQQoinJRQLNFZiLvwfkCLr4iby', 4, 90, 1, 1, '2025', 1, '2025-11-21 09:36:09'),
(506, 'BCSE-59', 'TANUSHREE GANESH PANPATTE', 'tanushreepanpatte_7253cse25@nit.edu.in', '7499886745', 'student_1763717817_692032b988919.png', '$2y$10$b42Vw/LHyqCBZtgieW6/t.WaptoH25.q8HUfvseoTCZkvvl1myW0W', 4, 90, 1, 1, '2025', 1, '2025-11-21 09:36:57'),
(507, 'BCSE-60', 'TRISHA ANANDRAO THAMKE', 'trishathamke_7310cse25@nit.edu.in', '8698862591', 'student_1763717867_692032ebde3cd.png', '$2y$10$yrf.TrtAVadjP4HtLU2y..h2eTCpoiQeSVe79ZwInrWymLQkSxOWK', 4, 90, 1, 1, '2025', 1, '2025-11-21 09:37:47'),
(508, 'BCSE-61', 'VAISHNAVI UMESH MUDIRAJ', 'vaishnavimudiraj_7170cse25@nit.edu.in', '9270295043', 'student_1763717909_69203315d58eb.png', '$2y$10$CDm5nQ34gPTDl/f5uosu7O.j53TF96.1Pn/LIxhXz59nlOVYcBl.q', 4, 90, 1, 1, '2025', 1, '2025-11-21 09:38:29'),
(509, 'BCSE-62', 'VEDANT RAMESH BAGDE', 'vedantbagde_7242cse25@nit.edu.in', '7350128814', 'student_1763717952_69203340e684f.png', '$2y$10$VO.NCl170lSqUMTGfgIE3Og68aAFaUeK6NwNcINfnKLi85wTvNSP.', 4, 90, 1, 1, '2025', 1, '2025-11-21 09:39:12'),
(510, 'BCSE-63', 'VIDHI BHUVANESHWAR BASEWAR', 'vidhibasewar_7181cse25@nit.edu.in', '9923476461', 'student_1763718006_6920337628240.png', '$2y$10$7flVL8zTKCmWqTgbijTobeY6B/WLEWeV.CBKIHQ6RL3fjD6W8VDCG', 4, 90, 1, 1, '2025', 1, '2025-11-21 09:40:06'),
(511, 'BCSE-64', 'VIDISHA SHITAL DODKE', 'vidishadodke_7267cse25@nit.edu.in', '9552662344', 'student_1763718049_692033a19e24b.png', '$2y$10$uoBJwX95Za6F5IqHLJNg7uP6pH8NuQNNCfkjbsK.nRRq1bzt2YlZi', 4, 90, 1, 1, '2025', 1, '2025-11-21 09:40:49'),
(512, 'BCSE-65', 'YAMINI ANIL WASADE', 'yaminiwasade_6982cse25@nit.edu.in', '9604121249', 'student_1763718093_692033cdd1d48.png', '$2y$10$R2jc.6pEJjmMJiFa7FWbBu8bUQGVLwmShtZU5rQkVHxj3u4oxOqmu', 4, 90, 1, 1, '2025', 1, '2025-11-21 09:41:33'),
(513, 'BCSE-66', 'YASH KAILASH NANNAWARE', 'yashnandeshwar_7200cse25@nit.edu.in', '7447325744', 'student_1763718141_692033fd020e1.png', '$2y$10$Of0VwZv7RIfLKy30WKxpI.p9DUVRYkH.kfFlzXoK3FN/ZG5cRDdrq', 4, 90, 1, 1, '2025', 1, '2025-11-21 09:42:21'),
(514, 'BCSE-18', 'MANMEET KAUR NARENDRA POTHIWAL', 'manmeetkaur_7000cse25@nit.edu.in', '7498462870', 'student_1763718248_6920346809416.png', '$2y$10$/8zBLfzEFWaoW8msgHHx6.OXGWXHWvCqLA0q9bOhqlB9L2TNNHPWe', 4, 90, 1, 1, '2025', 1, '2025-11-21 09:44:08'),
(518, 'BCSE-19', 'MANTHAN RAVINDRA ARGHODE', 'mathan@gmail.com', '9545966622', 'student_1763718600_692035c80b2e1.png', '$2y$10$T7kjM4tVYdE3lMN6hkrcbuqJvGGL0JBR1DExznACc0fIyLpsYrjS6', 4, 90, 1, 1, '2025', 1, '2025-11-21 09:50:00');

-- --------------------------------------------------------

--
-- Table structure for table `student_attendance`
--

CREATE TABLE `student_attendance` (
  `id` int(11) NOT NULL,
  `student_id` int(11) NOT NULL,
  `class_id` int(11) NOT NULL,
  `subject_id` int(11) DEFAULT NULL,
  `attendance_date` date NOT NULL,
  `status` enum('present','absent','late') NOT NULL,
  `marked_by` int(11) NOT NULL,
  `remarks` text DEFAULT NULL,
  `marked_at` timestamp NOT NULL DEFAULT current_timestamp(),
  `teacher_id` int(11) DEFAULT NULL
) ENGINE=InnoDB DEFAULT CHARSET=utf8mb4 COLLATE=utf8mb4_general_ci;

--
-- Dumping data for table `student_attendance`
--

INSERT INTO `student_attendance` (`id`, `student_id`, `class_id`, `subject_id`, `attendance_date`, `status`, `marked_by`, `remarks`, `marked_at`, `teacher_id`) VALUES
(964, 383, 69, NULL, '2025-11-19', 'absent', 27, '', '2025-11-22 05:27:32', NULL),
(965, 384, 69, NULL, '2025-11-19', 'present', 27, '', '2025-11-22 05:27:32', NULL),
(966, 385, 69, NULL, '2025-11-19', 'present', 27, '', '2025-11-22 05:27:32', NULL),
(967, 386, 69, NULL, '2025-11-19', 'absent', 27, '', '2025-11-22 05:27:32', NULL),
(968, 387, 69, NULL, '2025-11-19', 'absent', 27, '', '2025-11-22 05:27:32', NULL),
(969, 388, 69, NULL, '2025-11-19', 'present', 27, '', '2025-11-22 05:27:32', NULL),
(970, 390, 69, NULL, '2025-11-19', 'absent', 27, '', '2025-11-22 05:27:32', NULL),
(971, 391, 69, NULL, '2025-11-19', 'present', 27, '', '2025-11-22 05:27:32', NULL),
(972, 392, 69, NULL, '2025-11-19', 'present', 27, '', '2025-11-22 05:27:32', NULL),
(973, 393, 69, NULL, '2025-11-19', 'present', 27, '', '2025-11-22 05:27:32', NULL),
(974, 394, 69, NULL, '2025-11-19', 'present', 27, '', '2025-11-22 05:27:32', NULL),
(975, 395, 69, NULL, '2025-11-19', 'present', 27, '', '2025-11-22 05:27:32', NULL),
(976, 396, 69, NULL, '2025-11-19', 'present', 27, '', '2025-11-22 05:27:32', NULL),
(977, 399, 69, NULL, '2025-11-19', 'present', 27, '', '2025-11-22 05:27:32', NULL),
(978, 398, 69, NULL, '2025-11-19', 'present', 27, '', '2025-11-22 05:27:32', NULL),
(979, 400, 69, NULL, '2025-11-19', 'present', 27, '', '2025-11-22 05:27:32', NULL),
(980, 401, 69, NULL, '2025-11-19', 'present', 27, '', '2025-11-22 05:27:32', NULL),
(981, 402, 69, NULL, '2025-11-19', 'present', 27, '', '2025-11-22 05:27:32', NULL),
(982, 403, 69, NULL, '2025-11-19', 'present', 27, '', '2025-11-22 05:27:32', NULL),
(983, 404, 69, NULL, '2025-11-19', 'present', 27, '', '2025-11-22 05:27:32', NULL),
(984, 405, 69, NULL, '2025-11-19', 'present', 27, '', '2025-11-22 05:27:32', NULL),
(985, 406, 69, NULL, '2025-11-19', 'present', 27, '', '2025-11-22 05:27:32', NULL),
(986, 407, 69, NULL, '2025-11-19', 'present', 27, '', '2025-11-22 05:27:32', NULL),
(987, 408, 69, NULL, '2025-11-19', 'present', 27, '', '2025-11-22 05:27:32', NULL),
(988, 409, 69, NULL, '2025-11-19', 'present', 27, '', '2025-11-22 05:27:32', NULL),
(989, 410, 69, NULL, '2025-11-19', 'present', 27, '', '2025-11-22 05:27:32', NULL),
(990, 411, 69, NULL, '2025-11-19', 'present', 27, '', '2025-11-22 05:27:32', NULL),
(991, 412, 69, NULL, '2025-11-19', 'present', 27, '', '2025-11-22 05:27:32', NULL),
(992, 413, 69, NULL, '2025-11-19', 'present', 27, '', '2025-11-22 05:27:32', NULL),
(993, 414, 69, NULL, '2025-11-19', 'present', 27, '', '2025-11-22 05:27:32', NULL),
(994, 415, 69, NULL, '2025-11-19', 'present', 27, '', '2025-11-22 05:27:32', NULL),
(995, 416, 69, NULL, '2025-11-19', 'present', 27, '', '2025-11-22 05:27:32', NULL),
(996, 417, 69, NULL, '2025-11-19', 'present', 27, '', '2025-11-22 05:27:32', NULL),
(997, 418, 69, NULL, '2025-11-19', 'present', 27, '', '2025-11-22 05:27:32', NULL),
(998, 419, 69, NULL, '2025-11-19', 'present', 27, '', '2025-11-22 05:27:32', NULL),
(999, 420, 69, NULL, '2025-11-19', 'present', 27, '', '2025-11-22 05:27:32', NULL),
(1000, 421, 69, NULL, '2025-11-19', 'present', 27, '', '2025-11-22 05:27:32', NULL),
(1001, 422, 69, NULL, '2025-11-19', 'present', 27, '', '2025-11-22 05:27:32', NULL),
(1002, 423, 69, NULL, '2025-11-19', 'present', 27, '', '2025-11-22 05:27:32', NULL),
(1003, 424, 69, NULL, '2025-11-19', 'present', 27, '', '2025-11-22 05:27:32', NULL),
(1004, 425, 69, NULL, '2025-11-19', 'present', 27, '', '2025-11-22 05:27:32', NULL),
(1005, 426, 69, NULL, '2025-11-19', 'present', 27, '', '2025-11-22 05:27:32', NULL),
(1006, 427, 69, NULL, '2025-11-19', 'present', 27, '', '2025-11-22 05:27:32', NULL),
(1007, 428, 69, NULL, '2025-11-19', 'present', 27, '', '2025-11-22 05:27:32', NULL),
(1008, 429, 69, NULL, '2025-11-19', 'present', 27, '', '2025-11-22 05:27:32', NULL),
(1009, 430, 69, NULL, '2025-11-19', 'present', 27, '', '2025-11-22 05:27:32', NULL),
(1010, 431, 69, NULL, '2025-11-19', 'present', 27, '', '2025-11-22 05:27:32', NULL),
(1011, 432, 69, NULL, '2025-11-19', 'present', 27, '', '2025-11-22 05:27:32', NULL),
(1012, 433, 69, NULL, '2025-11-19', 'present', 27, '', '2025-11-22 05:27:32', NULL),
(1013, 434, 69, NULL, '2025-11-19', 'present', 27, '', '2025-11-22 05:27:32', NULL),
(1014, 435, 69, NULL, '2025-11-19', 'present', 27, '', '2025-11-22 05:27:32', NULL),
(1015, 436, 69, NULL, '2025-11-19', 'present', 27, '', '2025-11-22 05:27:32', NULL),
(1016, 437, 69, NULL, '2025-11-19', 'present', 27, '', '2025-11-22 05:27:32', NULL),
(1017, 438, 69, NULL, '2025-11-19', 'present', 27, '', '2025-11-22 05:27:32', NULL),
(1018, 439, 69, NULL, '2025-11-19', 'present', 27, '', '2025-11-22 05:27:32', NULL),
(1019, 440, 69, NULL, '2025-11-19', 'present', 27, '', '2025-11-22 05:27:32', NULL),
(1020, 441, 69, NULL, '2025-11-19', 'present', 27, '', '2025-11-22 05:27:32', NULL),
(1021, 442, 69, NULL, '2025-11-19', 'present', 27, '', '2025-11-22 05:27:32', NULL),
(1022, 443, 69, NULL, '2025-11-19', 'present', 27, '', '2025-11-22 05:27:32', NULL),
(1023, 444, 69, NULL, '2025-11-19', 'present', 27, '', '2025-11-22 05:27:32', NULL),
(1024, 445, 69, NULL, '2025-11-19', 'present', 27, '', '2025-11-22 05:27:32', NULL),
(1025, 446, 69, NULL, '2025-11-19', 'present', 27, '', '2025-11-22 05:27:32', NULL),
(1026, 447, 69, NULL, '2025-11-19', 'present', 27, '', '2025-11-22 05:27:32', NULL),
(1027, 448, 69, NULL, '2025-11-19', 'present', 27, '', '2025-11-22 05:27:32', NULL),
(1028, 449, 69, NULL, '2025-11-19', 'present', 27, '', '2025-11-22 05:27:32', NULL),
(1029, 389, 69, NULL, '2025-11-19', 'present', 27, '', '2025-11-22 05:27:32', NULL),
(1030, 383, 69, NULL, '2025-11-20', 'present', 27, '', '2025-11-22 05:27:47', NULL),
(1031, 384, 69, NULL, '2025-11-20', 'absent', 27, '', '2025-11-22 05:27:47', NULL),
(1032, 385, 69, NULL, '2025-11-20', 'present', 27, '', '2025-11-22 05:27:47', NULL),
(1033, 386, 69, NULL, '2025-11-20', 'absent', 27, '', '2025-11-22 05:27:47', NULL),
(1034, 387, 69, NULL, '2025-11-20', 'present', 27, '', '2025-11-22 05:27:47', NULL),
(1035, 388, 69, NULL, '2025-11-20', 'absent', 27, '', '2025-11-22 05:27:47', NULL),
(1036, 390, 69, NULL, '2025-11-20', 'present', 27, '', '2025-11-22 05:27:47', NULL),
(1037, 391, 69, NULL, '2025-11-20', 'present', 27, '', '2025-11-22 05:27:47', NULL),
(1038, 392, 69, NULL, '2025-11-20', 'present', 27, '', '2025-11-22 05:27:47', NULL),
(1039, 393, 69, NULL, '2025-11-20', 'present', 27, '', '2025-11-22 05:27:47', NULL),
(1040, 394, 69, NULL, '2025-11-20', 'present', 27, '', '2025-11-22 05:27:47', NULL),
(1041, 395, 69, NULL, '2025-11-20', 'present', 27, '', '2025-11-22 05:27:47', NULL),
(1042, 396, 69, NULL, '2025-11-20', 'present', 27, '', '2025-11-22 05:27:47', NULL),
(1043, 399, 69, NULL, '2025-11-20', 'present', 27, '', '2025-11-22 05:27:47', NULL),
(1044, 398, 69, NULL, '2025-11-20', 'present', 27, '', '2025-11-22 05:27:47', NULL),
(1045, 400, 69, NULL, '2025-11-20', 'present', 27, '', '2025-11-22 05:27:47', NULL),
(1046, 401, 69, NULL, '2025-11-20', 'present', 27, '', '2025-11-22 05:27:47', NULL),
(1047, 402, 69, NULL, '2025-11-20', 'present', 27, '', '2025-11-22 05:27:47', NULL),
(1048, 403, 69, NULL, '2025-11-20', 'present', 27, '', '2025-11-22 05:27:47', NULL),
(1049, 404, 69, NULL, '2025-11-20', 'present', 27, '', '2025-11-22 05:27:47', NULL),
(1050, 405, 69, NULL, '2025-11-20', 'present', 27, '', '2025-11-22 05:27:47', NULL),
(1051, 406, 69, NULL, '2025-11-20', 'present', 27, '', '2025-11-22 05:27:47', NULL),
(1052, 407, 69, NULL, '2025-11-20', 'present', 27, '', '2025-11-22 05:27:47', NULL),
(1053, 408, 69, NULL, '2025-11-20', 'present', 27, '', '2025-11-22 05:27:47', NULL),
(1054, 409, 69, NULL, '2025-11-20', 'present', 27, '', '2025-11-22 05:27:47', NULL),
(1055, 410, 69, NULL, '2025-11-20', 'present', 27, '', '2025-11-22 05:27:47', NULL),
(1056, 411, 69, NULL, '2025-11-20', 'present', 27, '', '2025-11-22 05:27:47', NULL),
(1057, 412, 69, NULL, '2025-11-20', 'present', 27, '', '2025-11-22 05:27:47', NULL),
(1058, 413, 69, NULL, '2025-11-20', 'present', 27, '', '2025-11-22 05:27:47', NULL),
(1059, 414, 69, NULL, '2025-11-20', 'present', 27, '', '2025-11-22 05:27:47', NULL),
(1060, 415, 69, NULL, '2025-11-20', 'present', 27, '', '2025-11-22 05:27:47', NULL),
(1061, 416, 69, NULL, '2025-11-20', 'present', 27, '', '2025-11-22 05:27:47', NULL),
(1062, 417, 69, NULL, '2025-11-20', 'present', 27, '', '2025-11-22 05:27:47', NULL),
(1063, 418, 69, NULL, '2025-11-20', 'present', 27, '', '2025-11-22 05:27:47', NULL),
(1064, 419, 69, NULL, '2025-11-20', 'present', 27, '', '2025-11-22 05:27:47', NULL),
(1065, 420, 69, NULL, '2025-11-20', 'present', 27, '', '2025-11-22 05:27:47', NULL),
(1066, 421, 69, NULL, '2025-11-20', 'present', 27, '', '2025-11-22 05:27:47', NULL),
(1067, 422, 69, NULL, '2025-11-20', 'present', 27, '', '2025-11-22 05:27:47', NULL),
(1068, 423, 69, NULL, '2025-11-20', 'present', 27, '', '2025-11-22 05:27:47', NULL),
(1069, 424, 69, NULL, '2025-11-20', 'present', 27, '', '2025-11-22 05:27:47', NULL),
(1070, 425, 69, NULL, '2025-11-20', 'present', 27, '', '2025-11-22 05:27:47', NULL),
(1071, 426, 69, NULL, '2025-11-20', 'present', 27, '', '2025-11-22 05:27:47', NULL),
(1072, 427, 69, NULL, '2025-11-20', 'present', 27, '', '2025-11-22 05:27:47', NULL),
(1073, 428, 69, NULL, '2025-11-20', 'present', 27, '', '2025-11-22 05:27:47', NULL),
(1074, 429, 69, NULL, '2025-11-20', 'present', 27, '', '2025-11-22 05:27:47', NULL),
(1075, 430, 69, NULL, '2025-11-20', 'present', 27, '', '2025-11-22 05:27:47', NULL),
(1076, 431, 69, NULL, '2025-11-20', 'present', 27, '', '2025-11-22 05:27:47', NULL),
(1077, 432, 69, NULL, '2025-11-20', 'present', 27, '', '2025-11-22 05:27:47', NULL),
(1078, 433, 69, NULL, '2025-11-20', 'present', 27, '', '2025-11-22 05:27:47', NULL),
(1079, 434, 69, NULL, '2025-11-20', 'present', 27, '', '2025-11-22 05:27:47', NULL),
(1080, 435, 69, NULL, '2025-11-20', 'present', 27, '', '2025-11-22 05:27:47', NULL),
(1081, 436, 69, NULL, '2025-11-20', 'present', 27, '', '2025-11-22 05:27:47', NULL),
(1082, 437, 69, NULL, '2025-11-20', 'present', 27, '', '2025-11-22 05:27:47', NULL),
(1083, 438, 69, NULL, '2025-11-20', 'present', 27, '', '2025-11-22 05:27:47', NULL),
(1084, 439, 69, NULL, '2025-11-20', 'present', 27, '', '2025-11-22 05:27:47', NULL),
(1085, 440, 69, NULL, '2025-11-20', 'present', 27, '', '2025-11-22 05:27:47', NULL),
(1086, 441, 69, NULL, '2025-11-20', 'present', 27, '', '2025-11-22 05:27:47', NULL),
(1087, 442, 69, NULL, '2025-11-20', 'present', 27, '', '2025-11-22 05:27:47', NULL),
(1088, 443, 69, NULL, '2025-11-20', 'present', 27, '', '2025-11-22 05:27:47', NULL),
(1089, 444, 69, NULL, '2025-11-20', 'present', 27, '', '2025-11-22 05:27:47', NULL),
(1090, 445, 69, NULL, '2025-11-20', 'present', 27, '', '2025-11-22 05:27:47', NULL),
(1091, 446, 69, NULL, '2025-11-20', 'present', 27, '', '2025-11-22 05:27:47', NULL),
(1092, 447, 69, NULL, '2025-11-20', 'present', 27, '', '2025-11-22 05:27:47', NULL),
(1093, 448, 69, NULL, '2025-11-20', 'present', 27, '', '2025-11-22 05:27:47', NULL),
(1094, 449, 69, NULL, '2025-11-20', 'present', 27, '', '2025-11-22 05:27:47', NULL),
(1095, 389, 69, NULL, '2025-11-20', 'present', 27, '', '2025-11-22 05:27:47', NULL),
(1096, 383, 69, NULL, '2025-11-21', 'present', 27, '', '2025-11-22 05:28:07', NULL),
(1097, 384, 69, NULL, '2025-11-21', 'present', 27, '', '2025-11-22 05:28:07', NULL),
(1098, 385, 69, NULL, '2025-11-21', 'present', 27, '', '2025-11-22 05:28:07', NULL),
(1099, 386, 69, NULL, '2025-11-21', 'absent', 27, '', '2025-11-22 05:28:07', NULL),
(1100, 387, 69, NULL, '2025-11-21', 'absent', 27, '', '2025-11-22 05:28:07', NULL),
(1101, 388, 69, NULL, '2025-11-21', 'absent', 27, '', '2025-11-22 05:28:07', NULL),
(1102, 390, 69, NULL, '2025-11-21', 'present', 27, '', '2025-11-22 05:28:07', NULL),
(1103, 391, 69, NULL, '2025-11-21', 'present', 27, '', '2025-11-22 05:28:07', NULL),
(1104, 392, 69, NULL, '2025-11-21', 'present', 27, '', '2025-11-22 05:28:07', NULL),
(1105, 393, 69, NULL, '2025-11-21', 'present', 27, '', '2025-11-22 05:28:07', NULL),
(1106, 394, 69, NULL, '2025-11-21', 'present', 27, '', '2025-11-22 05:28:07', NULL),
(1107, 395, 69, NULL, '2025-11-21', 'present', 27, '', '2025-11-22 05:28:07', NULL),
(1108, 396, 69, NULL, '2025-11-21', 'present', 27, '', '2025-11-22 05:28:07', NULL),
(1109, 399, 69, NULL, '2025-11-21', 'present', 27, '', '2025-11-22 05:28:07', NULL),
(1110, 398, 69, NULL, '2025-11-21', 'present', 27, '', '2025-11-22 05:28:07', NULL),
(1111, 400, 69, NULL, '2025-11-21', 'present', 27, '', '2025-11-22 05:28:07', NULL),
(1112, 401, 69, NULL, '2025-11-21', 'present', 27, '', '2025-11-22 05:28:07', NULL),
(1113, 402, 69, NULL, '2025-11-21', 'present', 27, '', '2025-11-22 05:28:07', NULL),
(1114, 403, 69, NULL, '2025-11-21', 'present', 27, '', '2025-11-22 05:28:07', NULL),
(1115, 404, 69, NULL, '2025-11-21', 'present', 27, '', '2025-11-22 05:28:07', NULL),
(1116, 405, 69, NULL, '2025-11-21', 'present', 27, '', '2025-11-22 05:28:07', NULL),
(1117, 406, 69, NULL, '2025-11-21', 'present', 27, '', '2025-11-22 05:28:07', NULL),
(1118, 407, 69, NULL, '2025-11-21', 'present', 27, '', '2025-11-22 05:28:07', NULL),
(1119, 408, 69, NULL, '2025-11-21', 'present', 27, '', '2025-11-22 05:28:07', NULL),
(1120, 409, 69, NULL, '2025-11-21', 'present', 27, '', '2025-11-22 05:28:07', NULL),
(1121, 410, 69, NULL, '2025-11-21', 'present', 27, '', '2025-11-22 05:28:07', NULL),
(1122, 411, 69, NULL, '2025-11-21', 'present', 27, '', '2025-11-22 05:28:07', NULL),
(1123, 412, 69, NULL, '2025-11-21', 'present', 27, '', '2025-11-22 05:28:07', NULL),
(1124, 413, 69, NULL, '2025-11-21', 'present', 27, '', '2025-11-22 05:28:07', NULL),
(1125, 414, 69, NULL, '2025-11-21', 'present', 27, '', '2025-11-22 05:28:07', NULL),
(1126, 415, 69, NULL, '2025-11-21', 'present', 27, '', '2025-11-22 05:28:07', NULL),
(1127, 416, 69, NULL, '2025-11-21', 'present', 27, '', '2025-11-22 05:28:07', NULL),
(1128, 417, 69, NULL, '2025-11-21', 'present', 27, '', '2025-11-22 05:28:07', NULL),
(1129, 418, 69, NULL, '2025-11-21', 'present', 27, '', '2025-11-22 05:28:07', NULL),
(1130, 419, 69, NULL, '2025-11-21', 'present', 27, '', '2025-11-22 05:28:07', NULL),
(1131, 420, 69, NULL, '2025-11-21', 'present', 27, '', '2025-11-22 05:28:07', NULL),
(1132, 421, 69, NULL, '2025-11-21', 'present', 27, '', '2025-11-22 05:28:07', NULL),
(1133, 422, 69, NULL, '2025-11-21', 'present', 27, '', '2025-11-22 05:28:07', NULL),
(1134, 423, 69, NULL, '2025-11-21', 'present', 27, '', '2025-11-22 05:28:07', NULL),
(1135, 424, 69, NULL, '2025-11-21', 'present', 27, '', '2025-11-22 05:28:07', NULL),
(1136, 425, 69, NULL, '2025-11-21', 'present', 27, '', '2025-11-22 05:28:07', NULL),
(1137, 426, 69, NULL, '2025-11-21', 'present', 27, '', '2025-11-22 05:28:07', NULL),
(1138, 427, 69, NULL, '2025-11-21', 'present', 27, '', '2025-11-22 05:28:07', NULL),
(1139, 428, 69, NULL, '2025-11-21', 'present', 27, '', '2025-11-22 05:28:07', NULL),
(1140, 429, 69, NULL, '2025-11-21', 'present', 27, '', '2025-11-22 05:28:07', NULL),
(1141, 430, 69, NULL, '2025-11-21', 'present', 27, '', '2025-11-22 05:28:07', NULL),
(1142, 431, 69, NULL, '2025-11-21', 'present', 27, '', '2025-11-22 05:28:07', NULL),
(1143, 432, 69, NULL, '2025-11-21', 'present', 27, '', '2025-11-22 05:28:07', NULL),
(1144, 433, 69, NULL, '2025-11-21', 'present', 27, '', '2025-11-22 05:28:07', NULL),
(1145, 434, 69, NULL, '2025-11-21', 'present', 27, '', '2025-11-22 05:28:07', NULL),
(1146, 435, 69, NULL, '2025-11-21', 'present', 27, '', '2025-11-22 05:28:07', NULL),
(1147, 436, 69, NULL, '2025-11-21', 'present', 27, '', '2025-11-22 05:28:07', NULL),
(1148, 437, 69, NULL, '2025-11-21', 'present', 27, '', '2025-11-22 05:28:07', NULL),
(1149, 438, 69, NULL, '2025-11-21', 'present', 27, '', '2025-11-22 05:28:07', NULL),
(1150, 439, 69, NULL, '2025-11-21', 'present', 27, '', '2025-11-22 05:28:07', NULL),
(1151, 440, 69, NULL, '2025-11-21', 'present', 27, '', '2025-11-22 05:28:07', NULL),
(1152, 441, 69, NULL, '2025-11-21', 'present', 27, '', '2025-11-22 05:28:07', NULL),
(1153, 442, 69, NULL, '2025-11-21', 'present', 27, '', '2025-11-22 05:28:07', NULL),
(1154, 443, 69, NULL, '2025-11-21', 'present', 27, '', '2025-11-22 05:28:07', NULL),
(1155, 444, 69, NULL, '2025-11-21', 'present', 27, '', '2025-11-22 05:28:07', NULL),
(1156, 445, 69, NULL, '2025-11-21', 'present', 27, '', '2025-11-22 05:28:07', NULL),
(1157, 446, 69, NULL, '2025-11-21', 'present', 27, '', '2025-11-22 05:28:07', NULL),
(1158, 447, 69, NULL, '2025-11-21', 'present', 27, '', '2025-11-22 05:28:07', NULL),
(1159, 448, 69, NULL, '2025-11-21', 'present', 27, '', '2025-11-22 05:28:07', NULL),
(1160, 449, 69, NULL, '2025-11-21', 'present', 27, '', '2025-11-22 05:28:07', NULL),
(1161, 389, 69, NULL, '2025-11-21', 'present', 27, '', '2025-11-22 05:28:07', NULL),
(1162, 383, 69, NULL, '2025-11-22', 'absent', 27, '', '2025-11-22 05:28:23', NULL),
(1163, 384, 69, NULL, '2025-11-22', 'present', 27, '', '2025-11-22 05:28:23', NULL),
(1164, 385, 69, NULL, '2025-11-22', 'present', 27, '', '2025-11-22 05:28:23', NULL),
(1165, 386, 69, NULL, '2025-11-22', 'present', 27, '', '2025-11-22 05:28:23', NULL),
(1166, 387, 69, NULL, '2025-11-22', 'present', 27, '', '2025-11-22 05:28:23', NULL),
(1167, 388, 69, NULL, '2025-11-22', 'present', 27, '', '2025-11-22 05:28:23', NULL),
(1168, 390, 69, NULL, '2025-11-22', 'present', 27, '', '2025-11-22 05:28:23', NULL),
(1169, 391, 69, NULL, '2025-11-22', 'present', 27, '', '2025-11-22 05:28:23', NULL),
(1170, 392, 69, NULL, '2025-11-22', 'present', 27, '', '2025-11-22 05:28:23', NULL),
(1171, 393, 69, NULL, '2025-11-22', 'present', 27, '', '2025-11-22 05:28:23', NULL),
(1172, 394, 69, NULL, '2025-11-22', 'present', 27, '', '2025-11-22 05:28:23', NULL),
(1173, 395, 69, NULL, '2025-11-22', 'present', 27, '', '2025-11-22 05:28:23', NULL),
(1174, 396, 69, NULL, '2025-11-22', 'present', 27, '', '2025-11-22 05:28:23', NULL),
(1175, 399, 69, NULL, '2025-11-22', 'present', 27, '', '2025-11-22 05:28:23', NULL),
(1176, 398, 69, NULL, '2025-11-22', 'present', 27, '', '2025-11-22 05:28:23', NULL),
(1177, 400, 69, NULL, '2025-11-22', 'present', 27, '', '2025-11-22 05:28:23', NULL),
(1178, 401, 69, NULL, '2025-11-22', 'present', 27, '', '2025-11-22 05:28:23', NULL),
(1179, 402, 69, NULL, '2025-11-22', 'present', 27, '', '2025-11-22 05:28:23', NULL),
(1180, 403, 69, NULL, '2025-11-22', 'present', 27, '', '2025-11-22 05:28:23', NULL),
(1181, 404, 69, NULL, '2025-11-22', 'present', 27, '', '2025-11-22 05:28:23', NULL),
(1182, 405, 69, NULL, '2025-11-22', 'present', 27, '', '2025-11-22 05:28:23', NULL),
(1183, 406, 69, NULL, '2025-11-22', 'present', 27, '', '2025-11-22 05:28:23', NULL),
(1184, 407, 69, NULL, '2025-11-22', 'present', 27, '', '2025-11-22 05:28:23', NULL),
(1185, 408, 69, NULL, '2025-11-22', 'present', 27, '', '2025-11-22 05:28:23', NULL),
(1186, 409, 69, NULL, '2025-11-22', 'present', 27, '', '2025-11-22 05:28:23', NULL),
(1187, 410, 69, NULL, '2025-11-22', 'present', 27, '', '2025-11-22 05:28:23', NULL),
(1188, 411, 69, NULL, '2025-11-22', 'present', 27, '', '2025-11-22 05:28:23', NULL),
(1189, 412, 69, NULL, '2025-11-22', 'present', 27, '', '2025-11-22 05:28:23', NULL),
(1190, 413, 69, NULL, '2025-11-22', 'present', 27, '', '2025-11-22 05:28:23', NULL),
(1191, 414, 69, NULL, '2025-11-22', 'present', 27, '', '2025-11-22 05:28:23', NULL),
(1192, 415, 69, NULL, '2025-11-22', 'present', 27, '', '2025-11-22 05:28:23', NULL),
(1193, 416, 69, NULL, '2025-11-22', 'present', 27, '', '2025-11-22 05:28:23', NULL),
(1194, 417, 69, NULL, '2025-11-22', 'present', 27, '', '2025-11-22 05:28:23', NULL),
(1195, 418, 69, NULL, '2025-11-22', 'present', 27, '', '2025-11-22 05:28:23', NULL),
(1196, 419, 69, NULL, '2025-11-22', 'present', 27, '', '2025-11-22 05:28:23', NULL),
(1197, 420, 69, NULL, '2025-11-22', 'present', 27, '', '2025-11-22 05:28:23', NULL),
(1198, 421, 69, NULL, '2025-11-22', 'present', 27, '', '2025-11-22 05:28:23', NULL),
(1199, 422, 69, NULL, '2025-11-22', 'present', 27, '', '2025-11-22 05:28:23', NULL),
(1200, 423, 69, NULL, '2025-11-22', 'present', 27, '', '2025-11-22 05:28:23', NULL),
(1201, 424, 69, NULL, '2025-11-22', 'present', 27, '', '2025-11-22 05:28:23', NULL),
(1202, 425, 69, NULL, '2025-11-22', 'present', 27, '', '2025-11-22 05:28:23', NULL),
(1203, 426, 69, NULL, '2025-11-22', 'present', 27, '', '2025-11-22 05:28:23', NULL),
(1204, 427, 69, NULL, '2025-11-22', 'present', 27, '', '2025-11-22 05:28:23', NULL),
(1205, 428, 69, NULL, '2025-11-22', 'present', 27, '', '2025-11-22 05:28:23', NULL),
(1206, 429, 69, NULL, '2025-11-22', 'present', 27, '', '2025-11-22 05:28:23', NULL),
(1207, 430, 69, NULL, '2025-11-22', 'present', 27, '', '2025-11-22 05:28:23', NULL),
(1208, 431, 69, NULL, '2025-11-22', 'present', 27, '', '2025-11-22 05:28:23', NULL),
(1209, 432, 69, NULL, '2025-11-22', 'present', 27, '', '2025-11-22 05:28:23', NULL),
(1210, 433, 69, NULL, '2025-11-22', 'present', 27, '', '2025-11-22 05:28:23', NULL),
(1211, 434, 69, NULL, '2025-11-22', 'present', 27, '', '2025-11-22 05:28:23', NULL),
(1212, 435, 69, NULL, '2025-11-22', 'present', 27, '', '2025-11-22 05:28:23', NULL),
(1213, 436, 69, NULL, '2025-11-22', 'present', 27, '', '2025-11-22 05:28:23', NULL),
(1214, 437, 69, NULL, '2025-11-22', 'present', 27, '', '2025-11-22 05:28:23', NULL),
(1215, 438, 69, NULL, '2025-11-22', 'present', 27, '', '2025-11-22 05:28:23', NULL),
(1216, 439, 69, NULL, '2025-11-22', 'present', 27, '', '2025-11-22 05:28:23', NULL),
(1217, 440, 69, NULL, '2025-11-22', 'present', 27, '', '2025-11-22 05:28:23', NULL),
(1218, 441, 69, NULL, '2025-11-22', 'present', 27, '', '2025-11-22 05:28:23', NULL),
(1219, 442, 69, NULL, '2025-11-22', 'present', 27, '', '2025-11-22 05:28:23', NULL),
(1220, 443, 69, NULL, '2025-11-22', 'present', 27, '', '2025-11-22 05:28:23', NULL),
(1221, 444, 69, NULL, '2025-11-22', 'present', 27, '', '2025-11-22 05:28:23', NULL),
(1222, 445, 69, NULL, '2025-11-22', 'present', 27, '', '2025-11-22 05:28:23', NULL),
(1223, 446, 69, NULL, '2025-11-22', 'present', 27, '', '2025-11-22 05:28:23', NULL),
(1224, 447, 69, NULL, '2025-11-22', 'present', 27, '', '2025-11-22 05:28:23', NULL),
(1225, 448, 69, NULL, '2025-11-22', 'present', 27, '', '2025-11-22 05:28:23', NULL),
(1226, 449, 69, NULL, '2025-11-22', 'present', 27, '', '2025-11-22 05:28:23', NULL),
(1227, 389, 69, NULL, '2025-11-22', 'present', 27, '', '2025-11-22 05:28:23', NULL),
(1228, 59, 75, NULL, '2025-11-19', 'present', 27, '', '2025-11-22 05:29:15', NULL),
(1229, 60, 75, NULL, '2025-11-19', 'absent', 27, '', '2025-11-22 05:29:15', NULL),
(1230, 61, 75, NULL, '2025-11-19', 'absent', 27, '', '2025-11-22 05:29:15', NULL),
(1231, 62, 75, NULL, '2025-11-19', 'absent', 27, '', '2025-11-22 05:29:15', NULL),
(1232, 63, 75, NULL, '2025-11-19', 'present', 27, '', '2025-11-22 05:29:15', NULL),
(1233, 451, 75, NULL, '2025-11-19', 'present', 27, '', '2025-11-22 05:29:15', NULL),
(1234, 452, 75, NULL, '2025-11-19', 'present', 27, '', '2025-11-22 05:29:15', NULL),
(1235, 453, 75, NULL, '2025-11-19', 'present', 27, '', '2025-11-22 05:29:15', NULL),
(1236, 454, 75, NULL, '2025-11-19', 'present', 27, '', '2025-11-22 05:29:15', NULL),
(1237, 455, 75, NULL, '2025-11-19', 'present', 27, '', '2025-11-22 05:29:15', NULL),
(1238, 456, 75, NULL, '2025-11-19', 'present', 27, '', '2025-11-22 05:29:15', NULL),
(1239, 457, 75, NULL, '2025-11-19', 'present', 27, '', '2025-11-22 05:29:15', NULL),
(1240, 458, 75, NULL, '2025-11-19', 'present', 27, '', '2025-11-22 05:29:15', NULL),
(1241, 459, 75, NULL, '2025-11-19', 'present', 27, '', '2025-11-22 05:29:15', NULL),
(1242, 460, 75, NULL, '2025-11-19', 'present', 27, '', '2025-11-22 05:29:15', NULL),
(1243, 461, 75, NULL, '2025-11-19', 'present', 27, '', '2025-11-22 05:29:15', NULL),
(1244, 462, 75, NULL, '2025-11-19', 'present', 27, '', '2025-11-22 05:29:15', NULL),
(1245, 514, 75, NULL, '2025-11-19', 'present', 27, '', '2025-11-22 05:29:15', NULL),
(1246, 518, 75, NULL, '2025-11-19', 'present', 27, '', '2025-11-22 05:29:15', NULL),
(1247, 467, 75, NULL, '2025-11-19', 'present', 27, '', '2025-11-22 05:29:15', NULL),
(1248, 468, 75, NULL, '2025-11-19', 'present', 27, '', '2025-11-22 05:29:15', NULL),
(1249, 469, 75, NULL, '2025-11-19', 'present', 27, '', '2025-11-22 05:29:15', NULL),
(1250, 470, 75, NULL, '2025-11-19', 'present', 27, '', '2025-11-22 05:29:15', NULL),
(1251, 471, 75, NULL, '2025-11-19', 'present', 27, '', '2025-11-22 05:29:15', NULL),
(1252, 472, 75, NULL, '2025-11-19', 'present', 27, '', '2025-11-22 05:29:15', NULL),
(1253, 473, 75, NULL, '2025-11-19', 'present', 27, '', '2025-11-22 05:29:15', NULL),
(1254, 474, 75, NULL, '2025-11-19', 'present', 27, '', '2025-11-22 05:29:15', NULL),
(1255, 475, 75, NULL, '2025-11-19', 'present', 27, '', '2025-11-22 05:29:15', NULL),
(1256, 476, 75, NULL, '2025-11-19', 'present', 27, '', '2025-11-22 05:29:15', NULL),
(1257, 477, 75, NULL, '2025-11-19', 'present', 27, '', '2025-11-22 05:29:15', NULL),
(1258, 478, 75, NULL, '2025-11-19', 'present', 27, '', '2025-11-22 05:29:15', NULL),
(1259, 479, 75, NULL, '2025-11-19', 'present', 27, '', '2025-11-22 05:29:15', NULL),
(1260, 480, 75, NULL, '2025-11-19', 'present', 27, '', '2025-11-22 05:29:15', NULL),
(1261, 481, 75, NULL, '2025-11-19', 'present', 27, '', '2025-11-22 05:29:15', NULL),
(1262, 482, 75, NULL, '2025-11-19', 'present', 27, '', '2025-11-22 05:29:15', NULL),
(1263, 483, 75, NULL, '2025-11-19', 'present', 27, '', '2025-11-22 05:29:15', NULL),
(1264, 484, 75, NULL, '2025-11-19', 'present', 27, '', '2025-11-22 05:29:15', NULL),
(1265, 485, 75, NULL, '2025-11-19', 'present', 27, '', '2025-11-22 05:29:15', NULL),
(1266, 486, 75, NULL, '2025-11-19', 'present', 27, '', '2025-11-22 05:29:15', NULL),
(1267, 487, 75, NULL, '2025-11-19', 'present', 27, '', '2025-11-22 05:29:15', NULL),
(1268, 488, 75, NULL, '2025-11-19', 'present', 27, '', '2025-11-22 05:29:15', NULL),
(1269, 489, 75, NULL, '2025-11-19', 'present', 27, '', '2025-11-22 05:29:15', NULL),
(1270, 490, 75, NULL, '2025-11-19', 'present', 27, '', '2025-11-22 05:29:15', NULL),
(1271, 491, 75, NULL, '2025-11-19', 'present', 27, '', '2025-11-22 05:29:15', NULL),
(1272, 492, 75, NULL, '2025-11-19', 'present', 27, '', '2025-11-22 05:29:15', NULL),
(1273, 493, 75, NULL, '2025-11-19', 'present', 27, '', '2025-11-22 05:29:15', NULL),
(1274, 494, 75, NULL, '2025-11-19', 'present', 27, '', '2025-11-22 05:29:15', NULL),
(1275, 495, 75, NULL, '2025-11-19', 'present', 27, '', '2025-11-22 05:29:15', NULL),
(1276, 496, 75, NULL, '2025-11-19', 'present', 27, '', '2025-11-22 05:29:15', NULL),
(1277, 497, 75, NULL, '2025-11-19', 'present', 27, '', '2025-11-22 05:29:15', NULL),
(1278, 498, 75, NULL, '2025-11-19', 'present', 27, '', '2025-11-22 05:29:15', NULL),
(1279, 499, 75, NULL, '2025-11-19', 'present', 27, '', '2025-11-22 05:29:15', NULL),
(1280, 500, 75, NULL, '2025-11-19', 'present', 27, '', '2025-11-22 05:29:15', NULL),
(1281, 501, 75, NULL, '2025-11-19', 'present', 27, '', '2025-11-22 05:29:15', NULL),
(1282, 502, 75, NULL, '2025-11-19', 'present', 27, '', '2025-11-22 05:29:15', NULL),
(1283, 503, 75, NULL, '2025-11-19', 'present', 27, '', '2025-11-22 05:29:15', NULL),
(1284, 504, 75, NULL, '2025-11-19', 'present', 27, '', '2025-11-22 05:29:15', NULL),
(1285, 505, 75, NULL, '2025-11-19', 'present', 27, '', '2025-11-22 05:29:15', NULL),
(1286, 506, 75, NULL, '2025-11-19', 'present', 27, '', '2025-11-22 05:29:15', NULL),
(1287, 507, 75, NULL, '2025-11-19', 'present', 27, '', '2025-11-22 05:29:15', NULL),
(1288, 508, 75, NULL, '2025-11-19', 'present', 27, '', '2025-11-22 05:29:15', NULL),
(1289, 509, 75, NULL, '2025-11-19', 'present', 27, '', '2025-11-22 05:29:15', NULL),
(1290, 510, 75, NULL, '2025-11-19', 'present', 27, '', '2025-11-22 05:29:15', NULL),
(1291, 511, 75, NULL, '2025-11-19', 'present', 27, '', '2025-11-22 05:29:15', NULL),
(1292, 512, 75, NULL, '2025-11-19', 'present', 27, '', '2025-11-22 05:29:15', NULL),
(1293, 513, 75, NULL, '2025-11-19', 'present', 27, '', '2025-11-22 05:29:15', NULL),
(1294, 59, 75, NULL, '2025-11-20', 'present', 27, '', '2025-11-22 05:29:43', NULL),
(1295, 60, 75, NULL, '2025-11-20', 'present', 27, '', '2025-11-22 05:29:43', NULL),
(1296, 61, 75, NULL, '2025-11-20', 'present', 27, '', '2025-11-22 05:29:43', NULL),
(1297, 62, 75, NULL, '2025-11-20', 'present', 27, '', '2025-11-22 05:29:43', NULL),
(1298, 63, 75, NULL, '2025-11-20', 'present', 27, '', '2025-11-22 05:29:43', NULL),
(1299, 451, 75, NULL, '2025-11-20', 'present', 27, '', '2025-11-22 05:29:43', NULL),
(1300, 452, 75, NULL, '2025-11-20', 'present', 27, '', '2025-11-22 05:29:43', NULL),
(1301, 453, 75, NULL, '2025-11-20', 'present', 27, '', '2025-11-22 05:29:43', NULL),
(1302, 454, 75, NULL, '2025-11-20', 'present', 27, '', '2025-11-22 05:29:43', NULL),
(1303, 455, 75, NULL, '2025-11-20', 'present', 27, '', '2025-11-22 05:29:43', NULL),
(1304, 456, 75, NULL, '2025-11-20', 'absent', 27, '', '2025-11-22 05:29:43', NULL),
(1305, 457, 75, NULL, '2025-11-20', 'absent', 27, '', '2025-11-22 05:29:43', NULL),
(1306, 458, 75, NULL, '2025-11-20', 'absent', 27, '', '2025-11-22 05:29:43', NULL),
(1307, 459, 75, NULL, '2025-11-20', 'absent', 27, '', '2025-11-22 05:29:43', NULL),
(1308, 460, 75, NULL, '2025-11-20', 'absent', 27, '', '2025-11-22 05:29:43', NULL),
(1309, 461, 75, NULL, '2025-11-20', 'absent', 27, '', '2025-11-22 05:29:43', NULL),
(1310, 462, 75, NULL, '2025-11-20', 'absent', 27, '', '2025-11-22 05:29:43', NULL),
(1311, 514, 75, NULL, '2025-11-20', 'absent', 27, '', '2025-11-22 05:29:43', NULL),
(1312, 518, 75, NULL, '2025-11-20', 'present', 27, '', '2025-11-22 05:29:43', NULL),
(1313, 467, 75, NULL, '2025-11-20', 'present', 27, '', '2025-11-22 05:29:43', NULL),
(1314, 468, 75, NULL, '2025-11-20', 'present', 27, '', '2025-11-22 05:29:43', NULL),
(1315, 469, 75, NULL, '2025-11-20', 'present', 27, '', '2025-11-22 05:29:43', NULL),
(1316, 470, 75, NULL, '2025-11-20', 'absent', 27, '', '2025-11-22 05:29:43', NULL),
(1317, 471, 75, NULL, '2025-11-20', 'absent', 27, '', '2025-11-22 05:29:43', NULL),
(1318, 472, 75, NULL, '2025-11-20', 'present', 27, '', '2025-11-22 05:29:43', NULL),
(1319, 473, 75, NULL, '2025-11-20', 'present', 27, '', '2025-11-22 05:29:43', NULL),
(1320, 474, 75, NULL, '2025-11-20', 'present', 27, '', '2025-11-22 05:29:43', NULL),
(1321, 475, 75, NULL, '2025-11-20', 'present', 27, '', '2025-11-22 05:29:43', NULL),
(1322, 476, 75, NULL, '2025-11-20', 'present', 27, '', '2025-11-22 05:29:43', NULL),
(1323, 477, 75, NULL, '2025-11-20', 'present', 27, '', '2025-11-22 05:29:43', NULL),
(1324, 478, 75, NULL, '2025-11-20', 'present', 27, '', '2025-11-22 05:29:43', NULL),
(1325, 479, 75, NULL, '2025-11-20', 'present', 27, '', '2025-11-22 05:29:43', NULL),
(1326, 480, 75, NULL, '2025-11-20', 'present', 27, '', '2025-11-22 05:29:43', NULL),
(1327, 481, 75, NULL, '2025-11-20', 'present', 27, '', '2025-11-22 05:29:43', NULL),
(1328, 482, 75, NULL, '2025-11-20', 'present', 27, '', '2025-11-22 05:29:43', NULL),
(1329, 483, 75, NULL, '2025-11-20', 'present', 27, '', '2025-11-22 05:29:43', NULL),
(1330, 484, 75, NULL, '2025-11-20', 'present', 27, '', '2025-11-22 05:29:43', NULL),
(1331, 485, 75, NULL, '2025-11-20', 'present', 27, '', '2025-11-22 05:29:43', NULL),
(1332, 486, 75, NULL, '2025-11-20', 'present', 27, '', '2025-11-22 05:29:43', NULL),
(1333, 487, 75, NULL, '2025-11-20', 'present', 27, '', '2025-11-22 05:29:43', NULL),
(1334, 488, 75, NULL, '2025-11-20', 'present', 27, '', '2025-11-22 05:29:43', NULL),
(1335, 489, 75, NULL, '2025-11-20', 'present', 27, '', '2025-11-22 05:29:43', NULL),
(1336, 490, 75, NULL, '2025-11-20', 'present', 27, '', '2025-11-22 05:29:43', NULL),
(1337, 491, 75, NULL, '2025-11-20', 'present', 27, '', '2025-11-22 05:29:43', NULL),
(1338, 492, 75, NULL, '2025-11-20', 'present', 27, '', '2025-11-22 05:29:43', NULL),
(1339, 493, 75, NULL, '2025-11-20', 'present', 27, '', '2025-11-22 05:29:43', NULL),
(1340, 494, 75, NULL, '2025-11-20', 'present', 27, '', '2025-11-22 05:29:43', NULL),
(1341, 495, 75, NULL, '2025-11-20', 'present', 27, '', '2025-11-22 05:29:43', NULL),
(1342, 496, 75, NULL, '2025-11-20', 'present', 27, '', '2025-11-22 05:29:43', NULL),
(1343, 497, 75, NULL, '2025-11-20', 'present', 27, '', '2025-11-22 05:29:43', NULL),
(1344, 498, 75, NULL, '2025-11-20', 'present', 27, '', '2025-11-22 05:29:43', NULL),
(1345, 499, 75, NULL, '2025-11-20', 'present', 27, '', '2025-11-22 05:29:43', NULL),
(1346, 500, 75, NULL, '2025-11-20', 'present', 27, '', '2025-11-22 05:29:43', NULL),
(1347, 501, 75, NULL, '2025-11-20', 'present', 27, '', '2025-11-22 05:29:43', NULL),
(1348, 502, 75, NULL, '2025-11-20', 'present', 27, '', '2025-11-22 05:29:43', NULL),
(1349, 503, 75, NULL, '2025-11-20', 'present', 27, '', '2025-11-22 05:29:43', NULL),
(1350, 504, 75, NULL, '2025-11-20', 'present', 27, '', '2025-11-22 05:29:43', NULL),
(1351, 505, 75, NULL, '2025-11-20', 'present', 27, '', '2025-11-22 05:29:43', NULL),
(1352, 506, 75, NULL, '2025-11-20', 'present', 27, '', '2025-11-22 05:29:43', NULL),
(1353, 507, 75, NULL, '2025-11-20', 'present', 27, '', '2025-11-22 05:29:43', NULL),
(1354, 508, 75, NULL, '2025-11-20', 'present', 27, '', '2025-11-22 05:29:43', NULL),
(1355, 509, 75, NULL, '2025-11-20', 'present', 27, '', '2025-11-22 05:29:43', NULL),
(1356, 510, 75, NULL, '2025-11-20', 'present', 27, '', '2025-11-22 05:29:43', NULL),
(1357, 511, 75, NULL, '2025-11-20', 'present', 27, '', '2025-11-22 05:29:43', NULL),
(1358, 512, 75, NULL, '2025-11-20', 'present', 27, '', '2025-11-22 05:29:43', NULL),
(1359, 513, 75, NULL, '2025-11-20', 'present', 27, '', '2025-11-22 05:29:43', NULL),
(1360, 59, 75, NULL, '2025-11-21', 'present', 27, '', '2025-11-22 05:30:02', NULL),
(1361, 60, 75, NULL, '2025-11-21', 'present', 27, '', '2025-11-22 05:30:02', NULL),
(1362, 61, 75, NULL, '2025-11-21', 'present', 27, '', '2025-11-22 05:30:02', NULL),
(1363, 62, 75, NULL, '2025-11-21', 'present', 27, '', '2025-11-22 05:30:02', NULL),
(1364, 63, 75, NULL, '2025-11-21', 'present', 27, '', '2025-11-22 05:30:02', NULL),
(1365, 451, 75, NULL, '2025-11-21', 'present', 27, '', '2025-11-22 05:30:02', NULL),
(1366, 452, 75, NULL, '2025-11-21', 'present', 27, '', '2025-11-22 05:30:02', NULL),
(1367, 453, 75, NULL, '2025-11-21', 'present', 27, '', '2025-11-22 05:30:02', NULL),
(1368, 454, 75, NULL, '2025-11-21', 'present', 27, '', '2025-11-22 05:30:02', NULL),
(1369, 455, 75, NULL, '2025-11-21', 'present', 27, '', '2025-11-22 05:30:02', NULL),
(1370, 456, 75, NULL, '2025-11-21', 'present', 27, '', '2025-11-22 05:30:02', NULL),
(1371, 457, 75, NULL, '2025-11-21', 'present', 27, '', '2025-11-22 05:30:02', NULL),
(1372, 458, 75, NULL, '2025-11-21', 'present', 27, '', '2025-11-22 05:30:02', NULL),
(1373, 459, 75, NULL, '2025-11-21', 'present', 27, '', '2025-11-22 05:30:02', NULL),
(1374, 460, 75, NULL, '2025-11-21', 'present', 27, '', '2025-11-22 05:30:02', NULL),
(1375, 461, 75, NULL, '2025-11-21', 'present', 27, '', '2025-11-22 05:30:02', NULL),
(1376, 462, 75, NULL, '2025-11-21', 'present', 27, '', '2025-11-22 05:30:02', NULL),
(1377, 514, 75, NULL, '2025-11-21', 'present', 27, '', '2025-11-22 05:30:02', NULL),
(1378, 518, 75, NULL, '2025-11-21', 'present', 27, '', '2025-11-22 05:30:02', NULL),
(1379, 467, 75, NULL, '2025-11-21', 'present', 27, '', '2025-11-22 05:30:02', NULL),
(1380, 468, 75, NULL, '2025-11-21', 'present', 27, '', '2025-11-22 05:30:02', NULL),
(1381, 469, 75, NULL, '2025-11-21', 'present', 27, '', '2025-11-22 05:30:02', NULL),
(1382, 470, 75, NULL, '2025-11-21', 'present', 27, '', '2025-11-22 05:30:02', NULL),
(1383, 471, 75, NULL, '2025-11-21', 'present', 27, '', '2025-11-22 05:30:02', NULL),
(1384, 472, 75, NULL, '2025-11-21', 'present', 27, '', '2025-11-22 05:30:02', NULL),
(1385, 473, 75, NULL, '2025-11-21', 'present', 27, '', '2025-11-22 05:30:02', NULL),
(1386, 474, 75, NULL, '2025-11-21', 'present', 27, '', '2025-11-22 05:30:02', NULL),
(1387, 475, 75, NULL, '2025-11-21', 'present', 27, '', '2025-11-22 05:30:02', NULL),
(1388, 476, 75, NULL, '2025-11-21', 'present', 27, '', '2025-11-22 05:30:02', NULL),
(1389, 477, 75, NULL, '2025-11-21', 'present', 27, '', '2025-11-22 05:30:02', NULL),
(1390, 478, 75, NULL, '2025-11-21', 'present', 27, '', '2025-11-22 05:30:02', NULL),
(1391, 479, 75, NULL, '2025-11-21', 'present', 27, '', '2025-11-22 05:30:02', NULL),
(1392, 480, 75, NULL, '2025-11-21', 'present', 27, '', '2025-11-22 05:30:02', NULL),
(1393, 481, 75, NULL, '2025-11-21', 'present', 27, '', '2025-11-22 05:30:02', NULL),
(1394, 482, 75, NULL, '2025-11-21', 'present', 27, '', '2025-11-22 05:30:02', NULL),
(1395, 483, 75, NULL, '2025-11-21', 'present', 27, '', '2025-11-22 05:30:02', NULL),
(1396, 484, 75, NULL, '2025-11-21', 'present', 27, '', '2025-11-22 05:30:02', NULL),
(1397, 485, 75, NULL, '2025-11-21', 'present', 27, '', '2025-11-22 05:30:02', NULL),
(1398, 486, 75, NULL, '2025-11-21', 'present', 27, '', '2025-11-22 05:30:02', NULL),
(1399, 487, 75, NULL, '2025-11-21', 'present', 27, '', '2025-11-22 05:30:02', NULL),
(1400, 488, 75, NULL, '2025-11-21', 'present', 27, '', '2025-11-22 05:30:02', NULL),
(1401, 489, 75, NULL, '2025-11-21', 'present', 27, '', '2025-11-22 05:30:02', NULL),
(1402, 490, 75, NULL, '2025-11-21', 'present', 27, '', '2025-11-22 05:30:02', NULL),
(1403, 491, 75, NULL, '2025-11-21', 'present', 27, '', '2025-11-22 05:30:02', NULL),
(1404, 492, 75, NULL, '2025-11-21', 'present', 27, '', '2025-11-22 05:30:02', NULL),
(1405, 493, 75, NULL, '2025-11-21', 'present', 27, '', '2025-11-22 05:30:02', NULL),
(1406, 494, 75, NULL, '2025-11-21', 'present', 27, '', '2025-11-22 05:30:02', NULL),
(1407, 495, 75, NULL, '2025-11-21', 'present', 27, '', '2025-11-22 05:30:02', NULL),
(1408, 496, 75, NULL, '2025-11-21', 'present', 27, '', '2025-11-22 05:30:02', NULL),
(1409, 497, 75, NULL, '2025-11-21', 'present', 27, '', '2025-11-22 05:30:02', NULL),
(1410, 498, 75, NULL, '2025-11-21', 'present', 27, '', '2025-11-22 05:30:02', NULL),
(1411, 499, 75, NULL, '2025-11-21', 'present', 27, '', '2025-11-22 05:30:02', NULL),
(1412, 500, 75, NULL, '2025-11-21', 'present', 27, '', '2025-11-22 05:30:02', NULL),
(1413, 501, 75, NULL, '2025-11-21', 'present', 27, '', '2025-11-22 05:30:02', NULL),
(1414, 502, 75, NULL, '2025-11-21', 'present', 27, '', '2025-11-22 05:30:02', NULL),
(1415, 503, 75, NULL, '2025-11-21', 'present', 27, '', '2025-11-22 05:30:02', NULL),
(1416, 504, 75, NULL, '2025-11-21', 'present', 27, '', '2025-11-22 05:30:02', NULL),
(1417, 505, 75, NULL, '2025-11-21', 'present', 27, '', '2025-11-22 05:30:02', NULL),
(1418, 506, 75, NULL, '2025-11-21', 'present', 27, '', '2025-11-22 05:30:02', NULL),
(1419, 507, 75, NULL, '2025-11-21', 'present', 27, '', '2025-11-22 05:30:02', NULL),
(1420, 508, 75, NULL, '2025-11-21', 'present', 27, '', '2025-11-22 05:30:02', NULL),
(1421, 509, 75, NULL, '2025-11-21', 'present', 27, '', '2025-11-22 05:30:02', NULL),
(1422, 510, 75, NULL, '2025-11-21', 'present', 27, '', '2025-11-22 05:30:02', NULL),
(1423, 511, 75, NULL, '2025-11-21', 'present', 27, '', '2025-11-22 05:30:02', NULL),
(1424, 512, 75, NULL, '2025-11-21', 'absent', 27, '', '2025-11-22 05:30:02', NULL),
(1425, 513, 75, NULL, '2025-11-21', 'absent', 27, '', '2025-11-22 05:30:02', NULL),
(1426, 59, 75, NULL, '2025-11-22', 'present', 27, '', '2025-11-22 05:30:26', NULL),
(1427, 60, 75, NULL, '2025-11-22', 'absent', 27, '', '2025-11-22 05:30:26', NULL),
(1428, 61, 75, NULL, '2025-11-22', 'present', 27, '', '2025-11-22 05:30:26', NULL),
(1429, 62, 75, NULL, '2025-11-22', 'absent', 27, '', '2025-11-22 05:30:26', NULL),
(1430, 63, 75, NULL, '2025-11-22', 'late', 27, '', '2025-11-22 05:30:26', NULL),
(1431, 451, 75, NULL, '2025-11-22', 'present', 27, '', '2025-11-22 05:30:26', NULL),
(1432, 452, 75, NULL, '2025-11-22', 'present', 27, '', '2025-11-22 05:30:26', NULL),
(1433, 453, 75, NULL, '2025-11-22', 'present', 27, '', '2025-11-22 05:30:26', NULL),
(1434, 454, 75, NULL, '2025-11-22', 'present', 27, '', '2025-11-22 05:30:26', NULL),
(1435, 455, 75, NULL, '2025-11-22', 'present', 27, '', '2025-11-22 05:30:26', NULL),
(1436, 456, 75, NULL, '2025-11-22', 'present', 27, '', '2025-11-22 05:30:26', NULL),
(1437, 457, 75, NULL, '2025-11-22', 'present', 27, '', '2025-11-22 05:30:26', NULL),
(1438, 458, 75, NULL, '2025-11-22', 'present', 27, '', '2025-11-22 05:30:26', NULL),
(1439, 459, 75, NULL, '2025-11-22', 'present', 27, '', '2025-11-22 05:30:26', NULL),
(1440, 460, 75, NULL, '2025-11-22', 'present', 27, '', '2025-11-22 05:30:26', NULL),
(1441, 461, 75, NULL, '2025-11-22', 'present', 27, '', '2025-11-22 05:30:26', NULL),
(1442, 462, 75, NULL, '2025-11-22', 'present', 27, '', '2025-11-22 05:30:26', NULL),
(1443, 514, 75, NULL, '2025-11-22', 'present', 27, '', '2025-11-22 05:30:26', NULL),
(1444, 518, 75, NULL, '2025-11-22', 'present', 27, '', '2025-11-22 05:30:26', NULL),
(1445, 467, 75, NULL, '2025-11-22', 'present', 27, '', '2025-11-22 05:30:26', NULL),
(1446, 468, 75, NULL, '2025-11-22', 'present', 27, '', '2025-11-22 05:30:26', NULL),
(1447, 469, 75, NULL, '2025-11-22', 'present', 27, '', '2025-11-22 05:30:26', NULL),
(1448, 470, 75, NULL, '2025-11-22', 'present', 27, '', '2025-11-22 05:30:26', NULL),
(1449, 471, 75, NULL, '2025-11-22', 'present', 27, '', '2025-11-22 05:30:26', NULL),
(1450, 472, 75, NULL, '2025-11-22', 'present', 27, '', '2025-11-22 05:30:26', NULL),
(1451, 473, 75, NULL, '2025-11-22', 'present', 27, '', '2025-11-22 05:30:26', NULL),
(1452, 474, 75, NULL, '2025-11-22', 'present', 27, '', '2025-11-22 05:30:26', NULL),
(1453, 475, 75, NULL, '2025-11-22', 'present', 27, '', '2025-11-22 05:30:26', NULL),
(1454, 476, 75, NULL, '2025-11-22', 'present', 27, '', '2025-11-22 05:30:26', NULL),
(1455, 477, 75, NULL, '2025-11-22', 'present', 27, '', '2025-11-22 05:30:26', NULL),
(1456, 478, 75, NULL, '2025-11-22', 'present', 27, '', '2025-11-22 05:30:26', NULL),
(1457, 479, 75, NULL, '2025-11-22', 'present', 27, '', '2025-11-22 05:30:26', NULL),
(1458, 480, 75, NULL, '2025-11-22', 'present', 27, '', '2025-11-22 05:30:26', NULL),
(1459, 481, 75, NULL, '2025-11-22', 'present', 27, '', '2025-11-22 05:30:26', NULL),
(1460, 482, 75, NULL, '2025-11-22', 'present', 27, '', '2025-11-22 05:30:26', NULL),
(1461, 483, 75, NULL, '2025-11-22', 'present', 27, '', '2025-11-22 05:30:26', NULL),
(1462, 484, 75, NULL, '2025-11-22', 'present', 27, '', '2025-11-22 05:30:26', NULL),
(1463, 485, 75, NULL, '2025-11-22', 'present', 27, '', '2025-11-22 05:30:26', NULL),
(1464, 486, 75, NULL, '2025-11-22', 'present', 27, '', '2025-11-22 05:30:26', NULL),
(1465, 487, 75, NULL, '2025-11-22', 'present', 27, '', '2025-11-22 05:30:26', NULL),
(1466, 488, 75, NULL, '2025-11-22', 'present', 27, '', '2025-11-22 05:30:26', NULL),
(1467, 489, 75, NULL, '2025-11-22', 'present', 27, '', '2025-11-22 05:30:26', NULL),
(1468, 490, 75, NULL, '2025-11-22', 'present', 27, '', '2025-11-22 05:30:26', NULL),
(1469, 491, 75, NULL, '2025-11-22', 'present', 27, '', '2025-11-22 05:30:26', NULL),
(1470, 492, 75, NULL, '2025-11-22', 'present', 27, '', '2025-11-22 05:30:26', NULL),
(1471, 493, 75, NULL, '2025-11-22', 'present', 27, '', '2025-11-22 05:30:26', NULL),
(1472, 494, 75, NULL, '2025-11-22', 'present', 27, '', '2025-11-22 05:30:26', NULL),
(1473, 495, 75, NULL, '2025-11-22', 'present', 27, '', '2025-11-22 05:30:26', NULL),
(1474, 496, 75, NULL, '2025-11-22', 'present', 27, '', '2025-11-22 05:30:26', NULL),
(1475, 497, 75, NULL, '2025-11-22', 'present', 27, '', '2025-11-22 05:30:26', NULL),
(1476, 498, 75, NULL, '2025-11-22', 'present', 27, '', '2025-11-22 05:30:26', NULL),
(1477, 499, 75, NULL, '2025-11-22', 'present', 27, '', '2025-11-22 05:30:26', NULL),
(1478, 500, 75, NULL, '2025-11-22', 'present', 27, '', '2025-11-22 05:30:26', NULL),
(1479, 501, 75, NULL, '2025-11-22', 'present', 27, '', '2025-11-22 05:30:26', NULL),
(1480, 502, 75, NULL, '2025-11-22', 'present', 27, '', '2025-11-22 05:30:26', NULL),
(1481, 503, 75, NULL, '2025-11-22', 'present', 27, '', '2025-11-22 05:30:26', NULL),
(1482, 504, 75, NULL, '2025-11-22', 'present', 27, '', '2025-11-22 05:30:26', NULL),
(1483, 505, 75, NULL, '2025-11-22', 'present', 27, '', '2025-11-22 05:30:26', NULL),
(1484, 506, 75, NULL, '2025-11-22', 'present', 27, '', '2025-11-22 05:30:26', NULL),
(1485, 507, 75, NULL, '2025-11-22', 'present', 27, '', '2025-11-22 05:30:26', NULL),
(1486, 508, 75, NULL, '2025-11-22', 'present', 27, '', '2025-11-22 05:30:26', NULL),
(1487, 509, 75, NULL, '2025-11-22', 'present', 27, '', '2025-11-22 05:30:26', NULL),
(1488, 510, 75, NULL, '2025-11-22', 'present', 27, '', '2025-11-22 05:30:26', NULL),
(1489, 511, 75, NULL, '2025-11-22', 'present', 27, '', '2025-11-22 05:30:26', NULL),
(1490, 512, 75, NULL, '2025-11-22', 'present', 27, '', '2025-11-22 05:30:26', NULL),
(1491, 513, 75, NULL, '2025-11-22', 'present', 27, '', '2025-11-22 05:30:26', NULL),
(1492, 383, 66, NULL, '2025-11-19', 'present', 24, '', '2025-11-22 05:31:08', NULL),
(1493, 384, 66, NULL, '2025-11-19', 'absent', 24, '', '2025-11-22 05:31:08', NULL),
(1494, 385, 66, NULL, '2025-11-19', 'present', 24, '', '2025-11-22 05:31:08', NULL),
(1495, 386, 66, NULL, '2025-11-19', 'present', 24, '', '2025-11-22 05:31:08', NULL),
(1496, 387, 66, NULL, '2025-11-19', 'present', 24, '', '2025-11-22 05:31:08', NULL),
(1497, 388, 66, NULL, '2025-11-19', 'present', 24, '', '2025-11-22 05:31:08', NULL),
(1498, 390, 66, NULL, '2025-11-19', 'present', 24, '', '2025-11-22 05:31:08', NULL),
(1499, 391, 66, NULL, '2025-11-19', 'present', 24, '', '2025-11-22 05:31:08', NULL),
(1500, 392, 66, NULL, '2025-11-19', 'present', 24, '', '2025-11-22 05:31:08', NULL),
(1501, 393, 66, NULL, '2025-11-19', 'present', 24, '', '2025-11-22 05:31:08', NULL),
(1502, 394, 66, NULL, '2025-11-19', 'present', 24, '', '2025-11-22 05:31:08', NULL),
(1503, 395, 66, NULL, '2025-11-19', 'present', 24, '', '2025-11-22 05:31:08', NULL),
(1504, 396, 66, NULL, '2025-11-19', 'present', 24, '', '2025-11-22 05:31:08', NULL),
(1505, 399, 66, NULL, '2025-11-19', 'present', 24, '', '2025-11-22 05:31:08', NULL),
(1506, 398, 66, NULL, '2025-11-19', 'present', 24, '', '2025-11-22 05:31:08', NULL),
(1507, 400, 66, NULL, '2025-11-19', 'present', 24, '', '2025-11-22 05:31:08', NULL),
(1508, 401, 66, NULL, '2025-11-19', 'present', 24, '', '2025-11-22 05:31:08', NULL),
(1509, 402, 66, NULL, '2025-11-19', 'present', 24, '', '2025-11-22 05:31:08', NULL),
(1510, 403, 66, NULL, '2025-11-19', 'present', 24, '', '2025-11-22 05:31:08', NULL),
(1511, 404, 66, NULL, '2025-11-19', 'present', 24, '', '2025-11-22 05:31:08', NULL),
(1512, 405, 66, NULL, '2025-11-19', 'present', 24, '', '2025-11-22 05:31:08', NULL),
(1513, 406, 66, NULL, '2025-11-19', 'present', 24, '', '2025-11-22 05:31:08', NULL),
(1514, 407, 66, NULL, '2025-11-19', 'present', 24, '', '2025-11-22 05:31:08', NULL),
(1515, 408, 66, NULL, '2025-11-19', 'present', 24, '', '2025-11-22 05:31:08', NULL),
(1516, 409, 66, NULL, '2025-11-19', 'present', 24, '', '2025-11-22 05:31:08', NULL),
(1517, 410, 66, NULL, '2025-11-19', 'present', 24, '', '2025-11-22 05:31:08', NULL),
(1518, 411, 66, NULL, '2025-11-19', 'present', 24, '', '2025-11-22 05:31:08', NULL),
(1519, 412, 66, NULL, '2025-11-19', 'present', 24, '', '2025-11-22 05:31:08', NULL),
(1520, 413, 66, NULL, '2025-11-19', 'present', 24, '', '2025-11-22 05:31:08', NULL),
(1521, 414, 66, NULL, '2025-11-19', 'present', 24, '', '2025-11-22 05:31:08', NULL),
(1522, 415, 66, NULL, '2025-11-19', 'present', 24, '', '2025-11-22 05:31:08', NULL),
(1523, 416, 66, NULL, '2025-11-19', 'present', 24, '', '2025-11-22 05:31:08', NULL),
(1524, 417, 66, NULL, '2025-11-19', 'present', 24, '', '2025-11-22 05:31:08', NULL),
(1525, 418, 66, NULL, '2025-11-19', 'present', 24, '', '2025-11-22 05:31:08', NULL),
(1526, 419, 66, NULL, '2025-11-19', 'present', 24, '', '2025-11-22 05:31:08', NULL),
(1527, 420, 66, NULL, '2025-11-19', 'present', 24, '', '2025-11-22 05:31:08', NULL),
(1528, 421, 66, NULL, '2025-11-19', 'present', 24, '', '2025-11-22 05:31:08', NULL),
(1529, 422, 66, NULL, '2025-11-19', 'present', 24, '', '2025-11-22 05:31:08', NULL),
(1530, 423, 66, NULL, '2025-11-19', 'present', 24, '', '2025-11-22 05:31:08', NULL),
(1531, 424, 66, NULL, '2025-11-19', 'present', 24, '', '2025-11-22 05:31:08', NULL),
(1532, 425, 66, NULL, '2025-11-19', 'present', 24, '', '2025-11-22 05:31:08', NULL),
(1533, 426, 66, NULL, '2025-11-19', 'present', 24, '', '2025-11-22 05:31:08', NULL),
(1534, 427, 66, NULL, '2025-11-19', 'present', 24, '', '2025-11-22 05:31:08', NULL),
(1535, 428, 66, NULL, '2025-11-19', 'present', 24, '', '2025-11-22 05:31:08', NULL),
(1536, 429, 66, NULL, '2025-11-19', 'present', 24, '', '2025-11-22 05:31:08', NULL),
(1537, 430, 66, NULL, '2025-11-19', 'present', 24, '', '2025-11-22 05:31:08', NULL),
(1538, 431, 66, NULL, '2025-11-19', 'present', 24, '', '2025-11-22 05:31:08', NULL),
(1539, 432, 66, NULL, '2025-11-19', 'present', 24, '', '2025-11-22 05:31:08', NULL),
(1540, 433, 66, NULL, '2025-11-19', 'present', 24, '', '2025-11-22 05:31:08', NULL),
(1541, 434, 66, NULL, '2025-11-19', 'present', 24, '', '2025-11-22 05:31:08', NULL),
(1542, 435, 66, NULL, '2025-11-19', 'present', 24, '', '2025-11-22 05:31:08', NULL),
(1543, 436, 66, NULL, '2025-11-19', 'present', 24, '', '2025-11-22 05:31:08', NULL),
(1544, 437, 66, NULL, '2025-11-19', 'present', 24, '', '2025-11-22 05:31:08', NULL),
(1545, 438, 66, NULL, '2025-11-19', 'present', 24, '', '2025-11-22 05:31:08', NULL),
(1546, 439, 66, NULL, '2025-11-19', 'present', 24, '', '2025-11-22 05:31:08', NULL),
(1547, 440, 66, NULL, '2025-11-19', 'present', 24, '', '2025-11-22 05:31:08', NULL),
(1548, 441, 66, NULL, '2025-11-19', 'present', 24, '', '2025-11-22 05:31:08', NULL),
(1549, 442, 66, NULL, '2025-11-19', 'present', 24, '', '2025-11-22 05:31:08', NULL),
(1550, 443, 66, NULL, '2025-11-19', 'present', 24, '', '2025-11-22 05:31:08', NULL),
(1551, 444, 66, NULL, '2025-11-19', 'present', 24, '', '2025-11-22 05:31:08', NULL),
(1552, 445, 66, NULL, '2025-11-19', 'present', 24, '', '2025-11-22 05:31:08', NULL),
(1553, 446, 66, NULL, '2025-11-19', 'present', 24, '', '2025-11-22 05:31:08', NULL),
(1554, 447, 66, NULL, '2025-11-19', 'present', 24, '', '2025-11-22 05:31:08', NULL),
(1555, 448, 66, NULL, '2025-11-19', 'present', 24, '', '2025-11-22 05:31:08', NULL),
(1556, 449, 66, NULL, '2025-11-19', 'present', 24, '', '2025-11-22 05:31:08', NULL),
(1557, 389, 66, NULL, '2025-11-19', 'present', 24, '', '2025-11-22 05:31:08', NULL),
(1558, 383, 66, NULL, '2025-11-20', 'present', 24, '', '2025-11-22 05:31:18', NULL),
(1559, 384, 66, NULL, '2025-11-20', 'present', 24, '', '2025-11-22 05:31:18', NULL),
(1560, 385, 66, NULL, '2025-11-20', 'absent', 24, '', '2025-11-22 05:31:18', NULL),
(1561, 386, 66, NULL, '2025-11-20', 'absent', 24, '', '2025-11-22 05:31:18', NULL),
(1562, 387, 66, NULL, '2025-11-20', 'present', 24, '', '2025-11-22 05:31:18', NULL),
(1563, 388, 66, NULL, '2025-11-20', 'present', 24, '', '2025-11-22 05:31:18', NULL),
(1564, 390, 66, NULL, '2025-11-20', 'present', 24, '', '2025-11-22 05:31:18', NULL);
INSERT INTO `student_attendance` (`id`, `student_id`, `class_id`, `subject_id`, `attendance_date`, `status`, `marked_by`, `remarks`, `marked_at`, `teacher_id`) VALUES
(1565, 391, 66, NULL, '2025-11-20', 'present', 24, '', '2025-11-22 05:31:18', NULL),
(1566, 392, 66, NULL, '2025-11-20', 'present', 24, '', '2025-11-22 05:31:18', NULL),
(1567, 393, 66, NULL, '2025-11-20', 'present', 24, '', '2025-11-22 05:31:18', NULL),
(1568, 394, 66, NULL, '2025-11-20', 'present', 24, '', '2025-11-22 05:31:18', NULL),
(1569, 395, 66, NULL, '2025-11-20', 'present', 24, '', '2025-11-22 05:31:18', NULL),
(1570, 396, 66, NULL, '2025-11-20', 'present', 24, '', '2025-11-22 05:31:18', NULL),
(1571, 399, 66, NULL, '2025-11-20', 'present', 24, '', '2025-11-22 05:31:18', NULL),
(1572, 398, 66, NULL, '2025-11-20', 'present', 24, '', '2025-11-22 05:31:18', NULL),
(1573, 400, 66, NULL, '2025-11-20', 'present', 24, '', '2025-11-22 05:31:18', NULL),
(1574, 401, 66, NULL, '2025-11-20', 'present', 24, '', '2025-11-22 05:31:18', NULL),
(1575, 402, 66, NULL, '2025-11-20', 'present', 24, '', '2025-11-22 05:31:18', NULL),
(1576, 403, 66, NULL, '2025-11-20', 'present', 24, '', '2025-11-22 05:31:18', NULL),
(1577, 404, 66, NULL, '2025-11-20', 'present', 24, '', '2025-11-22 05:31:18', NULL),
(1578, 405, 66, NULL, '2025-11-20', 'present', 24, '', '2025-11-22 05:31:18', NULL),
(1579, 406, 66, NULL, '2025-11-20', 'present', 24, '', '2025-11-22 05:31:18', NULL),
(1580, 407, 66, NULL, '2025-11-20', 'present', 24, '', '2025-11-22 05:31:18', NULL),
(1581, 408, 66, NULL, '2025-11-20', 'present', 24, '', '2025-11-22 05:31:18', NULL),
(1582, 409, 66, NULL, '2025-11-20', 'present', 24, '', '2025-11-22 05:31:18', NULL),
(1583, 410, 66, NULL, '2025-11-20', 'present', 24, '', '2025-11-22 05:31:18', NULL),
(1584, 411, 66, NULL, '2025-11-20', 'present', 24, '', '2025-11-22 05:31:18', NULL),
(1585, 412, 66, NULL, '2025-11-20', 'present', 24, '', '2025-11-22 05:31:18', NULL),
(1586, 413, 66, NULL, '2025-11-20', 'present', 24, '', '2025-11-22 05:31:18', NULL),
(1587, 414, 66, NULL, '2025-11-20', 'present', 24, '', '2025-11-22 05:31:18', NULL),
(1588, 415, 66, NULL, '2025-11-20', 'present', 24, '', '2025-11-22 05:31:18', NULL),
(1589, 416, 66, NULL, '2025-11-20', 'present', 24, '', '2025-11-22 05:31:18', NULL),
(1590, 417, 66, NULL, '2025-11-20', 'present', 24, '', '2025-11-22 05:31:18', NULL),
(1591, 418, 66, NULL, '2025-11-20', 'present', 24, '', '2025-11-22 05:31:18', NULL),
(1592, 419, 66, NULL, '2025-11-20', 'present', 24, '', '2025-11-22 05:31:18', NULL),
(1593, 420, 66, NULL, '2025-11-20', 'present', 24, '', '2025-11-22 05:31:18', NULL),
(1594, 421, 66, NULL, '2025-11-20', 'present', 24, '', '2025-11-22 05:31:18', NULL),
(1595, 422, 66, NULL, '2025-11-20', 'present', 24, '', '2025-11-22 05:31:18', NULL),
(1596, 423, 66, NULL, '2025-11-20', 'present', 24, '', '2025-11-22 05:31:18', NULL),
(1597, 424, 66, NULL, '2025-11-20', 'present', 24, '', '2025-11-22 05:31:18', NULL),
(1598, 425, 66, NULL, '2025-11-20', 'present', 24, '', '2025-11-22 05:31:18', NULL),
(1599, 426, 66, NULL, '2025-11-20', 'present', 24, '', '2025-11-22 05:31:18', NULL),
(1600, 427, 66, NULL, '2025-11-20', 'present', 24, '', '2025-11-22 05:31:18', NULL),
(1601, 428, 66, NULL, '2025-11-20', 'present', 24, '', '2025-11-22 05:31:18', NULL),
(1602, 429, 66, NULL, '2025-11-20', 'present', 24, '', '2025-11-22 05:31:18', NULL),
(1603, 430, 66, NULL, '2025-11-20', 'present', 24, '', '2025-11-22 05:31:18', NULL),
(1604, 431, 66, NULL, '2025-11-20', 'present', 24, '', '2025-11-22 05:31:18', NULL),
(1605, 432, 66, NULL, '2025-11-20', 'present', 24, '', '2025-11-22 05:31:18', NULL),
(1606, 433, 66, NULL, '2025-11-20', 'present', 24, '', '2025-11-22 05:31:18', NULL),
(1607, 434, 66, NULL, '2025-11-20', 'present', 24, '', '2025-11-22 05:31:18', NULL),
(1608, 435, 66, NULL, '2025-11-20', 'present', 24, '', '2025-11-22 05:31:18', NULL),
(1609, 436, 66, NULL, '2025-11-20', 'present', 24, '', '2025-11-22 05:31:18', NULL),
(1610, 437, 66, NULL, '2025-11-20', 'present', 24, '', '2025-11-22 05:31:18', NULL),
(1611, 438, 66, NULL, '2025-11-20', 'present', 24, '', '2025-11-22 05:31:18', NULL),
(1612, 439, 66, NULL, '2025-11-20', 'present', 24, '', '2025-11-22 05:31:18', NULL),
(1613, 440, 66, NULL, '2025-11-20', 'present', 24, '', '2025-11-22 05:31:18', NULL),
(1614, 441, 66, NULL, '2025-11-20', 'present', 24, '', '2025-11-22 05:31:18', NULL),
(1615, 442, 66, NULL, '2025-11-20', 'present', 24, '', '2025-11-22 05:31:18', NULL),
(1616, 443, 66, NULL, '2025-11-20', 'present', 24, '', '2025-11-22 05:31:18', NULL),
(1617, 444, 66, NULL, '2025-11-20', 'present', 24, '', '2025-11-22 05:31:18', NULL),
(1618, 445, 66, NULL, '2025-11-20', 'present', 24, '', '2025-11-22 05:31:18', NULL),
(1619, 446, 66, NULL, '2025-11-20', 'present', 24, '', '2025-11-22 05:31:18', NULL),
(1620, 447, 66, NULL, '2025-11-20', 'present', 24, '', '2025-11-22 05:31:18', NULL),
(1621, 448, 66, NULL, '2025-11-20', 'present', 24, '', '2025-11-22 05:31:18', NULL),
(1622, 449, 66, NULL, '2025-11-20', 'present', 24, '', '2025-11-22 05:31:18', NULL),
(1623, 389, 66, NULL, '2025-11-20', 'present', 24, '', '2025-11-22 05:31:18', NULL),
(1624, 383, 66, NULL, '2025-11-21', 'present', 24, '', '2025-11-22 05:31:32', NULL),
(1625, 384, 66, NULL, '2025-11-21', 'absent', 24, '', '2025-11-22 05:31:32', NULL),
(1626, 385, 66, NULL, '2025-11-21', 'absent', 24, '', '2025-11-22 05:31:32', NULL),
(1627, 386, 66, NULL, '2025-11-21', 'present', 24, '', '2025-11-22 05:31:32', NULL),
(1628, 387, 66, NULL, '2025-11-21', 'absent', 24, '', '2025-11-22 05:31:32', NULL),
(1629, 388, 66, NULL, '2025-11-21', 'present', 24, '', '2025-11-22 05:31:32', NULL),
(1630, 390, 66, NULL, '2025-11-21', 'present', 24, '', '2025-11-22 05:31:32', NULL),
(1631, 391, 66, NULL, '2025-11-21', 'present', 24, '', '2025-11-22 05:31:32', NULL),
(1632, 392, 66, NULL, '2025-11-21', 'present', 24, '', '2025-11-22 05:31:32', NULL),
(1633, 393, 66, NULL, '2025-11-21', 'present', 24, '', '2025-11-22 05:31:32', NULL),
(1634, 394, 66, NULL, '2025-11-21', 'present', 24, '', '2025-11-22 05:31:32', NULL),
(1635, 395, 66, NULL, '2025-11-21', 'present', 24, '', '2025-11-22 05:31:32', NULL),
(1636, 396, 66, NULL, '2025-11-21', 'present', 24, '', '2025-11-22 05:31:32', NULL),
(1637, 399, 66, NULL, '2025-11-21', 'present', 24, '', '2025-11-22 05:31:32', NULL),
(1638, 398, 66, NULL, '2025-11-21', 'present', 24, '', '2025-11-22 05:31:32', NULL),
(1639, 400, 66, NULL, '2025-11-21', 'present', 24, '', '2025-11-22 05:31:32', NULL),
(1640, 401, 66, NULL, '2025-11-21', 'present', 24, '', '2025-11-22 05:31:32', NULL),
(1641, 402, 66, NULL, '2025-11-21', 'present', 24, '', '2025-11-22 05:31:32', NULL),
(1642, 403, 66, NULL, '2025-11-21', 'present', 24, '', '2025-11-22 05:31:32', NULL),
(1643, 404, 66, NULL, '2025-11-21', 'present', 24, '', '2025-11-22 05:31:32', NULL),
(1644, 405, 66, NULL, '2025-11-21', 'present', 24, '', '2025-11-22 05:31:32', NULL),
(1645, 406, 66, NULL, '2025-11-21', 'present', 24, '', '2025-11-22 05:31:32', NULL),
(1646, 407, 66, NULL, '2025-11-21', 'present', 24, '', '2025-11-22 05:31:32', NULL),
(1647, 408, 66, NULL, '2025-11-21', 'present', 24, '', '2025-11-22 05:31:32', NULL),
(1648, 409, 66, NULL, '2025-11-21', 'present', 24, '', '2025-11-22 05:31:32', NULL),
(1649, 410, 66, NULL, '2025-11-21', 'present', 24, '', '2025-11-22 05:31:32', NULL),
(1650, 411, 66, NULL, '2025-11-21', 'present', 24, '', '2025-11-22 05:31:32', NULL),
(1651, 412, 66, NULL, '2025-11-21', 'present', 24, '', '2025-11-22 05:31:32', NULL),
(1652, 413, 66, NULL, '2025-11-21', 'present', 24, '', '2025-11-22 05:31:32', NULL),
(1653, 414, 66, NULL, '2025-11-21', 'present', 24, '', '2025-11-22 05:31:32', NULL),
(1654, 415, 66, NULL, '2025-11-21', 'present', 24, '', '2025-11-22 05:31:32', NULL),
(1655, 416, 66, NULL, '2025-11-21', 'present', 24, '', '2025-11-22 05:31:32', NULL),
(1656, 417, 66, NULL, '2025-11-21', 'present', 24, '', '2025-11-22 05:31:32', NULL),
(1657, 418, 66, NULL, '2025-11-21', 'present', 24, '', '2025-11-22 05:31:32', NULL),
(1658, 419, 66, NULL, '2025-11-21', 'present', 24, '', '2025-11-22 05:31:32', NULL),
(1659, 420, 66, NULL, '2025-11-21', 'present', 24, '', '2025-11-22 05:31:32', NULL),
(1660, 421, 66, NULL, '2025-11-21', 'present', 24, '', '2025-11-22 05:31:32', NULL),
(1661, 422, 66, NULL, '2025-11-21', 'present', 24, '', '2025-11-22 05:31:32', NULL),
(1662, 423, 66, NULL, '2025-11-21', 'present', 24, '', '2025-11-22 05:31:32', NULL),
(1663, 424, 66, NULL, '2025-11-21', 'present', 24, '', '2025-11-22 05:31:32', NULL),
(1664, 425, 66, NULL, '2025-11-21', 'present', 24, '', '2025-11-22 05:31:32', NULL),
(1665, 426, 66, NULL, '2025-11-21', 'present', 24, '', '2025-11-22 05:31:32', NULL),
(1666, 427, 66, NULL, '2025-11-21', 'present', 24, '', '2025-11-22 05:31:32', NULL),
(1667, 428, 66, NULL, '2025-11-21', 'present', 24, '', '2025-11-22 05:31:32', NULL),
(1668, 429, 66, NULL, '2025-11-21', 'present', 24, '', '2025-11-22 05:31:32', NULL),
(1669, 430, 66, NULL, '2025-11-21', 'present', 24, '', '2025-11-22 05:31:32', NULL),
(1670, 431, 66, NULL, '2025-11-21', 'present', 24, '', '2025-11-22 05:31:32', NULL),
(1671, 432, 66, NULL, '2025-11-21', 'present', 24, '', '2025-11-22 05:31:32', NULL),
(1672, 433, 66, NULL, '2025-11-21', 'present', 24, '', '2025-11-22 05:31:32', NULL),
(1673, 434, 66, NULL, '2025-11-21', 'present', 24, '', '2025-11-22 05:31:32', NULL),
(1674, 435, 66, NULL, '2025-11-21', 'present', 24, '', '2025-11-22 05:31:32', NULL),
(1675, 436, 66, NULL, '2025-11-21', 'present', 24, '', '2025-11-22 05:31:32', NULL),
(1676, 437, 66, NULL, '2025-11-21', 'present', 24, '', '2025-11-22 05:31:32', NULL),
(1677, 438, 66, NULL, '2025-11-21', 'present', 24, '', '2025-11-22 05:31:32', NULL),
(1678, 439, 66, NULL, '2025-11-21', 'present', 24, '', '2025-11-22 05:31:32', NULL),
(1679, 440, 66, NULL, '2025-11-21', 'present', 24, '', '2025-11-22 05:31:32', NULL),
(1680, 441, 66, NULL, '2025-11-21', 'present', 24, '', '2025-11-22 05:31:32', NULL),
(1681, 442, 66, NULL, '2025-11-21', 'present', 24, '', '2025-11-22 05:31:32', NULL),
(1682, 443, 66, NULL, '2025-11-21', 'present', 24, '', '2025-11-22 05:31:32', NULL),
(1683, 444, 66, NULL, '2025-11-21', 'present', 24, '', '2025-11-22 05:31:32', NULL),
(1684, 445, 66, NULL, '2025-11-21', 'present', 24, '', '2025-11-22 05:31:32', NULL),
(1685, 446, 66, NULL, '2025-11-21', 'present', 24, '', '2025-11-22 05:31:32', NULL),
(1686, 447, 66, NULL, '2025-11-21', 'present', 24, '', '2025-11-22 05:31:32', NULL),
(1687, 448, 66, NULL, '2025-11-21', 'present', 24, '', '2025-11-22 05:31:32', NULL),
(1688, 449, 66, NULL, '2025-11-21', 'present', 24, '', '2025-11-22 05:31:32', NULL),
(1689, 389, 66, NULL, '2025-11-21', 'present', 24, '', '2025-11-22 05:31:32', NULL),
(1690, 383, 66, NULL, '2025-11-22', 'present', 24, '', '2025-11-22 05:31:52', NULL),
(1691, 384, 66, NULL, '2025-11-22', 'present', 24, '', '2025-11-22 05:31:52', NULL),
(1692, 385, 66, NULL, '2025-11-22', 'absent', 24, '', '2025-11-22 05:31:52', NULL),
(1693, 386, 66, NULL, '2025-11-22', 'present', 24, '', '2025-11-22 05:31:52', NULL),
(1694, 387, 66, NULL, '2025-11-22', 'present', 24, '', '2025-11-22 05:31:52', NULL),
(1695, 388, 66, NULL, '2025-11-22', 'absent', 24, '', '2025-11-22 05:31:52', NULL),
(1696, 390, 66, NULL, '2025-11-22', 'present', 24, '', '2025-11-22 05:31:52', NULL),
(1697, 391, 66, NULL, '2025-11-22', 'present', 24, '', '2025-11-22 05:31:52', NULL),
(1698, 392, 66, NULL, '2025-11-22', 'present', 24, '', '2025-11-22 05:31:52', NULL),
(1699, 393, 66, NULL, '2025-11-22', 'present', 24, '', '2025-11-22 05:31:52', NULL),
(1700, 394, 66, NULL, '2025-11-22', 'present', 24, '', '2025-11-22 05:31:52', NULL),
(1701, 395, 66, NULL, '2025-11-22', 'present', 24, '', '2025-11-22 05:31:52', NULL),
(1702, 396, 66, NULL, '2025-11-22', 'present', 24, '', '2025-11-22 05:31:52', NULL),
(1703, 399, 66, NULL, '2025-11-22', 'present', 24, '', '2025-11-22 05:31:52', NULL),
(1704, 398, 66, NULL, '2025-11-22', 'present', 24, '', '2025-11-22 05:31:52', NULL),
(1705, 400, 66, NULL, '2025-11-22', 'present', 24, '', '2025-11-22 05:31:52', NULL),
(1706, 401, 66, NULL, '2025-11-22', 'present', 24, '', '2025-11-22 05:31:52', NULL),
(1707, 402, 66, NULL, '2025-11-22', 'present', 24, '', '2025-11-22 05:31:52', NULL),
(1708, 403, 66, NULL, '2025-11-22', 'present', 24, '', '2025-11-22 05:31:52', NULL),
(1709, 404, 66, NULL, '2025-11-22', 'present', 24, '', '2025-11-22 05:31:52', NULL),
(1710, 405, 66, NULL, '2025-11-22', 'present', 24, '', '2025-11-22 05:31:52', NULL),
(1711, 406, 66, NULL, '2025-11-22', 'present', 24, '', '2025-11-22 05:31:52', NULL),
(1712, 407, 66, NULL, '2025-11-22', 'present', 24, '', '2025-11-22 05:31:52', NULL),
(1713, 408, 66, NULL, '2025-11-22', 'present', 24, '', '2025-11-22 05:31:52', NULL),
(1714, 409, 66, NULL, '2025-11-22', 'present', 24, '', '2025-11-22 05:31:52', NULL),
(1715, 410, 66, NULL, '2025-11-22', 'present', 24, '', '2025-11-22 05:31:52', NULL),
(1716, 411, 66, NULL, '2025-11-22', 'present', 24, '', '2025-11-22 05:31:52', NULL),
(1717, 412, 66, NULL, '2025-11-22', 'present', 24, '', '2025-11-22 05:31:52', NULL),
(1718, 413, 66, NULL, '2025-11-22', 'present', 24, '', '2025-11-22 05:31:52', NULL),
(1719, 414, 66, NULL, '2025-11-22', 'present', 24, '', '2025-11-22 05:31:52', NULL),
(1720, 415, 66, NULL, '2025-11-22', 'present', 24, '', '2025-11-22 05:31:52', NULL),
(1721, 416, 66, NULL, '2025-11-22', 'present', 24, '', '2025-11-22 05:31:52', NULL),
(1722, 417, 66, NULL, '2025-11-22', 'present', 24, '', '2025-11-22 05:31:52', NULL),
(1723, 418, 66, NULL, '2025-11-22', 'present', 24, '', '2025-11-22 05:31:52', NULL),
(1724, 419, 66, NULL, '2025-11-22', 'present', 24, '', '2025-11-22 05:31:52', NULL),
(1725, 420, 66, NULL, '2025-11-22', 'present', 24, '', '2025-11-22 05:31:52', NULL),
(1726, 421, 66, NULL, '2025-11-22', 'present', 24, '', '2025-11-22 05:31:52', NULL),
(1727, 422, 66, NULL, '2025-11-22', 'present', 24, '', '2025-11-22 05:31:52', NULL),
(1728, 423, 66, NULL, '2025-11-22', 'present', 24, '', '2025-11-22 05:31:52', NULL),
(1729, 424, 66, NULL, '2025-11-22', 'present', 24, '', '2025-11-22 05:31:52', NULL),
(1730, 425, 66, NULL, '2025-11-22', 'present', 24, '', '2025-11-22 05:31:52', NULL),
(1731, 426, 66, NULL, '2025-11-22', 'present', 24, '', '2025-11-22 05:31:52', NULL),
(1732, 427, 66, NULL, '2025-11-22', 'present', 24, '', '2025-11-22 05:31:52', NULL),
(1733, 428, 66, NULL, '2025-11-22', 'present', 24, '', '2025-11-22 05:31:52', NULL),
(1734, 429, 66, NULL, '2025-11-22', 'present', 24, '', '2025-11-22 05:31:52', NULL),
(1735, 430, 66, NULL, '2025-11-22', 'present', 24, '', '2025-11-22 05:31:52', NULL),
(1736, 431, 66, NULL, '2025-11-22', 'present', 24, '', '2025-11-22 05:31:52', NULL),
(1737, 432, 66, NULL, '2025-11-22', 'present', 24, '', '2025-11-22 05:31:52', NULL),
(1738, 433, 66, NULL, '2025-11-22', 'present', 24, '', '2025-11-22 05:31:52', NULL),
(1739, 434, 66, NULL, '2025-11-22', 'present', 24, '', '2025-11-22 05:31:52', NULL),
(1740, 435, 66, NULL, '2025-11-22', 'present', 24, '', '2025-11-22 05:31:52', NULL),
(1741, 436, 66, NULL, '2025-11-22', 'present', 24, '', '2025-11-22 05:31:52', NULL),
(1742, 437, 66, NULL, '2025-11-22', 'present', 24, '', '2025-11-22 05:31:52', NULL),
(1743, 438, 66, NULL, '2025-11-22', 'present', 24, '', '2025-11-22 05:31:52', NULL),
(1744, 439, 66, NULL, '2025-11-22', 'present', 24, '', '2025-11-22 05:31:52', NULL),
(1745, 440, 66, NULL, '2025-11-22', 'present', 24, '', '2025-11-22 05:31:52', NULL),
(1746, 441, 66, NULL, '2025-11-22', 'present', 24, '', '2025-11-22 05:31:52', NULL),
(1747, 442, 66, NULL, '2025-11-22', 'present', 24, '', '2025-11-22 05:31:52', NULL),
(1748, 443, 66, NULL, '2025-11-22', 'present', 24, '', '2025-11-22 05:31:52', NULL),
(1749, 444, 66, NULL, '2025-11-22', 'present', 24, '', '2025-11-22 05:31:52', NULL),
(1750, 445, 66, NULL, '2025-11-22', 'present', 24, '', '2025-11-22 05:31:52', NULL),
(1751, 446, 66, NULL, '2025-11-22', 'present', 24, '', '2025-11-22 05:31:52', NULL),
(1752, 447, 66, NULL, '2025-11-22', 'present', 24, '', '2025-11-22 05:31:52', NULL),
(1753, 448, 66, NULL, '2025-11-22', 'present', 24, '', '2025-11-22 05:31:52', NULL),
(1754, 449, 66, NULL, '2025-11-22', 'present', 24, '', '2025-11-22 05:31:52', NULL),
(1755, 389, 66, NULL, '2025-11-22', 'present', 24, '', '2025-11-22 05:31:52', NULL),
(1756, 59, 72, NULL, '2025-11-19', 'present', 24, '', '2025-11-22 05:32:32', NULL),
(1757, 60, 72, NULL, '2025-11-19', 'present', 24, '', '2025-11-22 05:32:32', NULL),
(1758, 61, 72, NULL, '2025-11-19', 'absent', 24, '', '2025-11-22 05:32:32', NULL),
(1759, 62, 72, NULL, '2025-11-19', 'present', 24, '', '2025-11-22 05:32:32', NULL),
(1760, 63, 72, NULL, '2025-11-19', 'absent', 24, '', '2025-11-22 05:32:32', NULL),
(1761, 451, 72, NULL, '2025-11-19', 'present', 24, '', '2025-11-22 05:32:32', NULL),
(1762, 452, 72, NULL, '2025-11-19', 'absent', 24, '', '2025-11-22 05:32:32', NULL),
(1763, 453, 72, NULL, '2025-11-19', 'absent', 24, '', '2025-11-22 05:32:32', NULL),
(1764, 454, 72, NULL, '2025-11-19', 'present', 24, '', '2025-11-22 05:32:32', NULL),
(1765, 455, 72, NULL, '2025-11-19', 'present', 24, '', '2025-11-22 05:32:32', NULL),
(1766, 456, 72, NULL, '2025-11-19', 'present', 24, '', '2025-11-22 05:32:32', NULL),
(1767, 457, 72, NULL, '2025-11-19', 'present', 24, '', '2025-11-22 05:32:32', NULL),
(1768, 458, 72, NULL, '2025-11-19', 'present', 24, '', '2025-11-22 05:32:32', NULL),
(1769, 459, 72, NULL, '2025-11-19', 'present', 24, '', '2025-11-22 05:32:32', NULL),
(1770, 460, 72, NULL, '2025-11-19', 'present', 24, '', '2025-11-22 05:32:32', NULL),
(1771, 461, 72, NULL, '2025-11-19', 'present', 24, '', '2025-11-22 05:32:32', NULL),
(1772, 462, 72, NULL, '2025-11-19', 'present', 24, '', '2025-11-22 05:32:32', NULL),
(1773, 514, 72, NULL, '2025-11-19', 'present', 24, '', '2025-11-22 05:32:32', NULL),
(1774, 518, 72, NULL, '2025-11-19', 'present', 24, '', '2025-11-22 05:32:32', NULL),
(1775, 467, 72, NULL, '2025-11-19', 'present', 24, '', '2025-11-22 05:32:32', NULL),
(1776, 468, 72, NULL, '2025-11-19', 'present', 24, '', '2025-11-22 05:32:32', NULL),
(1777, 469, 72, NULL, '2025-11-19', 'present', 24, '', '2025-11-22 05:32:32', NULL),
(1778, 470, 72, NULL, '2025-11-19', 'present', 24, '', '2025-11-22 05:32:32', NULL),
(1779, 471, 72, NULL, '2025-11-19', 'present', 24, '', '2025-11-22 05:32:32', NULL),
(1780, 472, 72, NULL, '2025-11-19', 'present', 24, '', '2025-11-22 05:32:32', NULL),
(1781, 473, 72, NULL, '2025-11-19', 'present', 24, '', '2025-11-22 05:32:32', NULL),
(1782, 474, 72, NULL, '2025-11-19', 'present', 24, '', '2025-11-22 05:32:32', NULL),
(1783, 475, 72, NULL, '2025-11-19', 'present', 24, '', '2025-11-22 05:32:32', NULL),
(1784, 476, 72, NULL, '2025-11-19', 'present', 24, '', '2025-11-22 05:32:32', NULL),
(1785, 477, 72, NULL, '2025-11-19', 'present', 24, '', '2025-11-22 05:32:32', NULL),
(1786, 478, 72, NULL, '2025-11-19', 'present', 24, '', '2025-11-22 05:32:32', NULL),
(1787, 479, 72, NULL, '2025-11-19', 'present', 24, '', '2025-11-22 05:32:32', NULL),
(1788, 480, 72, NULL, '2025-11-19', 'present', 24, '', '2025-11-22 05:32:32', NULL),
(1789, 481, 72, NULL, '2025-11-19', 'present', 24, '', '2025-11-22 05:32:32', NULL),
(1790, 482, 72, NULL, '2025-11-19', 'present', 24, '', '2025-11-22 05:32:32', NULL),
(1791, 483, 72, NULL, '2025-11-19', 'present', 24, '', '2025-11-22 05:32:32', NULL),
(1792, 484, 72, NULL, '2025-11-19', 'present', 24, '', '2025-11-22 05:32:32', NULL),
(1793, 485, 72, NULL, '2025-11-19', 'present', 24, '', '2025-11-22 05:32:32', NULL),
(1794, 486, 72, NULL, '2025-11-19', 'present', 24, '', '2025-11-22 05:32:32', NULL),
(1795, 487, 72, NULL, '2025-11-19', 'present', 24, '', '2025-11-22 05:32:32', NULL),
(1796, 488, 72, NULL, '2025-11-19', 'present', 24, '', '2025-11-22 05:32:32', NULL),
(1797, 489, 72, NULL, '2025-11-19', 'present', 24, '', '2025-11-22 05:32:32', NULL),
(1798, 490, 72, NULL, '2025-11-19', 'present', 24, '', '2025-11-22 05:32:32', NULL),
(1799, 491, 72, NULL, '2025-11-19', 'present', 24, '', '2025-11-22 05:32:32', NULL),
(1800, 492, 72, NULL, '2025-11-19', 'present', 24, '', '2025-11-22 05:32:32', NULL),
(1801, 493, 72, NULL, '2025-11-19', 'present', 24, '', '2025-11-22 05:32:32', NULL),
(1802, 494, 72, NULL, '2025-11-19', 'present', 24, '', '2025-11-22 05:32:32', NULL),
(1803, 495, 72, NULL, '2025-11-19', 'present', 24, '', '2025-11-22 05:32:32', NULL),
(1804, 496, 72, NULL, '2025-11-19', 'present', 24, '', '2025-11-22 05:32:32', NULL),
(1805, 497, 72, NULL, '2025-11-19', 'present', 24, '', '2025-11-22 05:32:32', NULL),
(1806, 498, 72, NULL, '2025-11-19', 'present', 24, '', '2025-11-22 05:32:32', NULL),
(1807, 499, 72, NULL, '2025-11-19', 'present', 24, '', '2025-11-22 05:32:32', NULL),
(1808, 500, 72, NULL, '2025-11-19', 'present', 24, '', '2025-11-22 05:32:32', NULL),
(1809, 501, 72, NULL, '2025-11-19', 'present', 24, '', '2025-11-22 05:32:32', NULL),
(1810, 502, 72, NULL, '2025-11-19', 'present', 24, '', '2025-11-22 05:32:32', NULL),
(1811, 503, 72, NULL, '2025-11-19', 'present', 24, '', '2025-11-22 05:32:32', NULL),
(1812, 504, 72, NULL, '2025-11-19', 'present', 24, '', '2025-11-22 05:32:32', NULL),
(1813, 505, 72, NULL, '2025-11-19', 'present', 24, '', '2025-11-22 05:32:32', NULL),
(1814, 506, 72, NULL, '2025-11-19', 'present', 24, '', '2025-11-22 05:32:32', NULL),
(1815, 507, 72, NULL, '2025-11-19', 'present', 24, '', '2025-11-22 05:32:32', NULL),
(1816, 508, 72, NULL, '2025-11-19', 'present', 24, '', '2025-11-22 05:32:32', NULL),
(1817, 509, 72, NULL, '2025-11-19', 'present', 24, '', '2025-11-22 05:32:32', NULL),
(1818, 510, 72, NULL, '2025-11-19', 'present', 24, '', '2025-11-22 05:32:32', NULL),
(1819, 511, 72, NULL, '2025-11-19', 'present', 24, '', '2025-11-22 05:32:32', NULL),
(1820, 512, 72, NULL, '2025-11-19', 'present', 24, '', '2025-11-22 05:32:32', NULL),
(1821, 513, 72, NULL, '2025-11-19', 'present', 24, '', '2025-11-22 05:32:32', NULL),
(1822, 59, 72, NULL, '2025-11-20', 'present', 24, '', '2025-11-22 05:32:41', NULL),
(1823, 60, 72, NULL, '2025-11-20', 'present', 24, '', '2025-11-22 05:32:41', NULL),
(1824, 61, 72, NULL, '2025-11-20', 'present', 24, '', '2025-11-22 05:32:41', NULL),
(1825, 62, 72, NULL, '2025-11-20', 'absent', 24, '', '2025-11-22 05:32:41', NULL),
(1826, 63, 72, NULL, '2025-11-20', 'present', 24, '', '2025-11-22 05:32:41', NULL),
(1827, 451, 72, NULL, '2025-11-20', 'present', 24, '', '2025-11-22 05:32:41', NULL),
(1828, 452, 72, NULL, '2025-11-20', 'present', 24, '', '2025-11-22 05:32:41', NULL),
(1829, 453, 72, NULL, '2025-11-20', 'present', 24, '', '2025-11-22 05:32:41', NULL),
(1830, 454, 72, NULL, '2025-11-20', 'present', 24, '', '2025-11-22 05:32:41', NULL),
(1831, 455, 72, NULL, '2025-11-20', 'present', 24, '', '2025-11-22 05:32:41', NULL),
(1832, 456, 72, NULL, '2025-11-20', 'present', 24, '', '2025-11-22 05:32:41', NULL),
(1833, 457, 72, NULL, '2025-11-20', 'present', 24, '', '2025-11-22 05:32:41', NULL),
(1834, 458, 72, NULL, '2025-11-20', 'present', 24, '', '2025-11-22 05:32:41', NULL),
(1835, 459, 72, NULL, '2025-11-20', 'present', 24, '', '2025-11-22 05:32:41', NULL),
(1836, 460, 72, NULL, '2025-11-20', 'present', 24, '', '2025-11-22 05:32:41', NULL),
(1837, 461, 72, NULL, '2025-11-20', 'present', 24, '', '2025-11-22 05:32:41', NULL),
(1838, 462, 72, NULL, '2025-11-20', 'present', 24, '', '2025-11-22 05:32:41', NULL),
(1839, 514, 72, NULL, '2025-11-20', 'present', 24, '', '2025-11-22 05:32:41', NULL),
(1840, 518, 72, NULL, '2025-11-20', 'present', 24, '', '2025-11-22 05:32:41', NULL),
(1841, 467, 72, NULL, '2025-11-20', 'present', 24, '', '2025-11-22 05:32:41', NULL),
(1842, 468, 72, NULL, '2025-11-20', 'present', 24, '', '2025-11-22 05:32:41', NULL),
(1843, 469, 72, NULL, '2025-11-20', 'present', 24, '', '2025-11-22 05:32:41', NULL),
(1844, 470, 72, NULL, '2025-11-20', 'present', 24, '', '2025-11-22 05:32:41', NULL),
(1845, 471, 72, NULL, '2025-11-20', 'present', 24, '', '2025-11-22 05:32:41', NULL),
(1846, 472, 72, NULL, '2025-11-20', 'present', 24, '', '2025-11-22 05:32:41', NULL),
(1847, 473, 72, NULL, '2025-11-20', 'present', 24, '', '2025-11-22 05:32:41', NULL),
(1848, 474, 72, NULL, '2025-11-20', 'present', 24, '', '2025-11-22 05:32:41', NULL),
(1849, 475, 72, NULL, '2025-11-20', 'present', 24, '', '2025-11-22 05:32:41', NULL),
(1850, 476, 72, NULL, '2025-11-20', 'present', 24, '', '2025-11-22 05:32:41', NULL),
(1851, 477, 72, NULL, '2025-11-20', 'present', 24, '', '2025-11-22 05:32:41', NULL),
(1852, 478, 72, NULL, '2025-11-20', 'present', 24, '', '2025-11-22 05:32:41', NULL),
(1853, 479, 72, NULL, '2025-11-20', 'present', 24, '', '2025-11-22 05:32:41', NULL),
(1854, 480, 72, NULL, '2025-11-20', 'present', 24, '', '2025-11-22 05:32:41', NULL),
(1855, 481, 72, NULL, '2025-11-20', 'present', 24, '', '2025-11-22 05:32:41', NULL),
(1856, 482, 72, NULL, '2025-11-20', 'present', 24, '', '2025-11-22 05:32:41', NULL),
(1857, 483, 72, NULL, '2025-11-20', 'present', 24, '', '2025-11-22 05:32:41', NULL),
(1858, 484, 72, NULL, '2025-11-20', 'present', 24, '', '2025-11-22 05:32:41', NULL),
(1859, 485, 72, NULL, '2025-11-20', 'present', 24, '', '2025-11-22 05:32:41', NULL),
(1860, 486, 72, NULL, '2025-11-20', 'present', 24, '', '2025-11-22 05:32:41', NULL),
(1861, 487, 72, NULL, '2025-11-20', 'present', 24, '', '2025-11-22 05:32:41', NULL),
(1862, 488, 72, NULL, '2025-11-20', 'present', 24, '', '2025-11-22 05:32:41', NULL),
(1863, 489, 72, NULL, '2025-11-20', 'present', 24, '', '2025-11-22 05:32:41', NULL),
(1864, 490, 72, NULL, '2025-11-20', 'present', 24, '', '2025-11-22 05:32:41', NULL),
(1865, 491, 72, NULL, '2025-11-20', 'present', 24, '', '2025-11-22 05:32:41', NULL),
(1866, 492, 72, NULL, '2025-11-20', 'present', 24, '', '2025-11-22 05:32:41', NULL),
(1867, 493, 72, NULL, '2025-11-20', 'present', 24, '', '2025-11-22 05:32:41', NULL),
(1868, 494, 72, NULL, '2025-11-20', 'present', 24, '', '2025-11-22 05:32:41', NULL),
(1869, 495, 72, NULL, '2025-11-20', 'present', 24, '', '2025-11-22 05:32:41', NULL),
(1870, 496, 72, NULL, '2025-11-20', 'present', 24, '', '2025-11-22 05:32:41', NULL),
(1871, 497, 72, NULL, '2025-11-20', 'present', 24, '', '2025-11-22 05:32:41', NULL),
(1872, 498, 72, NULL, '2025-11-20', 'present', 24, '', '2025-11-22 05:32:41', NULL),
(1873, 499, 72, NULL, '2025-11-20', 'present', 24, '', '2025-11-22 05:32:41', NULL),
(1874, 500, 72, NULL, '2025-11-20', 'present', 24, '', '2025-11-22 05:32:41', NULL),
(1875, 501, 72, NULL, '2025-11-20', 'present', 24, '', '2025-11-22 05:32:41', NULL),
(1876, 502, 72, NULL, '2025-11-20', 'present', 24, '', '2025-11-22 05:32:41', NULL),
(1877, 503, 72, NULL, '2025-11-20', 'present', 24, '', '2025-11-22 05:32:41', NULL),
(1878, 504, 72, NULL, '2025-11-20', 'present', 24, '', '2025-11-22 05:32:41', NULL),
(1879, 505, 72, NULL, '2025-11-20', 'present', 24, '', '2025-11-22 05:32:41', NULL),
(1880, 506, 72, NULL, '2025-11-20', 'present', 24, '', '2025-11-22 05:32:41', NULL),
(1881, 507, 72, NULL, '2025-11-20', 'present', 24, '', '2025-11-22 05:32:41', NULL),
(1882, 508, 72, NULL, '2025-11-20', 'present', 24, '', '2025-11-22 05:32:41', NULL),
(1883, 509, 72, NULL, '2025-11-20', 'present', 24, '', '2025-11-22 05:32:41', NULL),
(1884, 510, 72, NULL, '2025-11-20', 'present', 24, '', '2025-11-22 05:32:41', NULL),
(1885, 511, 72, NULL, '2025-11-20', 'present', 24, '', '2025-11-22 05:32:41', NULL),
(1886, 512, 72, NULL, '2025-11-20', 'present', 24, '', '2025-11-22 05:32:41', NULL),
(1887, 513, 72, NULL, '2025-11-20', 'present', 24, '', '2025-11-22 05:32:41', NULL),
(1888, 59, 72, NULL, '2025-11-21', 'present', 24, '', '2025-11-22 05:33:20', NULL),
(1889, 60, 72, NULL, '2025-11-21', 'present', 24, '', '2025-11-22 05:33:20', NULL),
(1890, 61, 72, NULL, '2025-11-21', 'absent', 24, '', '2025-11-22 05:33:20', NULL),
(1891, 62, 72, NULL, '2025-11-21', 'present', 24, '', '2025-11-22 05:33:20', NULL),
(1892, 63, 72, NULL, '2025-11-21', 'absent', 24, '', '2025-11-22 05:33:20', NULL),
(1893, 451, 72, NULL, '2025-11-21', 'present', 24, '', '2025-11-22 05:33:20', NULL),
(1894, 452, 72, NULL, '2025-11-21', 'present', 24, '', '2025-11-22 05:33:20', NULL),
(1895, 453, 72, NULL, '2025-11-21', 'absent', 24, '', '2025-11-22 05:33:20', NULL),
(1896, 454, 72, NULL, '2025-11-21', 'present', 24, '', '2025-11-22 05:33:20', NULL),
(1897, 455, 72, NULL, '2025-11-21', 'present', 24, '', '2025-11-22 05:33:20', NULL),
(1898, 456, 72, NULL, '2025-11-21', 'present', 24, '', '2025-11-22 05:33:20', NULL),
(1899, 457, 72, NULL, '2025-11-21', 'absent', 24, '', '2025-11-22 05:33:20', NULL),
(1900, 458, 72, NULL, '2025-11-21', 'present', 24, '', '2025-11-22 05:33:20', NULL),
(1901, 459, 72, NULL, '2025-11-21', 'absent', 24, '', '2025-11-22 05:33:20', NULL),
(1902, 460, 72, NULL, '2025-11-21', 'absent', 24, '', '2025-11-22 05:33:20', NULL),
(1903, 461, 72, NULL, '2025-11-21', 'present', 24, '', '2025-11-22 05:33:20', NULL),
(1904, 462, 72, NULL, '2025-11-21', 'present', 24, '', '2025-11-22 05:33:20', NULL),
(1905, 514, 72, NULL, '2025-11-21', 'present', 24, '', '2025-11-22 05:33:20', NULL),
(1906, 518, 72, NULL, '2025-11-21', 'absent', 24, '', '2025-11-22 05:33:20', NULL),
(1907, 467, 72, NULL, '2025-11-21', 'present', 24, '', '2025-11-22 05:33:20', NULL),
(1908, 468, 72, NULL, '2025-11-21', 'present', 24, '', '2025-11-22 05:33:20', NULL),
(1909, 469, 72, NULL, '2025-11-21', 'present', 24, '', '2025-11-22 05:33:20', NULL),
(1910, 470, 72, NULL, '2025-11-21', 'absent', 24, '', '2025-11-22 05:33:20', NULL),
(1911, 471, 72, NULL, '2025-11-21', 'present', 24, '', '2025-11-22 05:33:20', NULL),
(1912, 472, 72, NULL, '2025-11-21', 'present', 24, '', '2025-11-22 05:33:20', NULL),
(1913, 473, 72, NULL, '2025-11-21', 'present', 24, '', '2025-11-22 05:33:20', NULL),
(1914, 474, 72, NULL, '2025-11-21', 'absent', 24, '', '2025-11-22 05:33:20', NULL),
(1915, 475, 72, NULL, '2025-11-21', 'present', 24, '', '2025-11-22 05:33:20', NULL),
(1916, 476, 72, NULL, '2025-11-21', 'present', 24, '', '2025-11-22 05:33:20', NULL),
(1917, 477, 72, NULL, '2025-11-21', 'present', 24, '', '2025-11-22 05:33:20', NULL),
(1918, 478, 72, NULL, '2025-11-21', 'absent', 24, '', '2025-11-22 05:33:20', NULL),
(1919, 479, 72, NULL, '2025-11-21', 'present', 24, '', '2025-11-22 05:33:20', NULL),
(1920, 480, 72, NULL, '2025-11-21', 'present', 24, '', '2025-11-22 05:33:20', NULL),
(1921, 481, 72, NULL, '2025-11-21', 'present', 24, '', '2025-11-22 05:33:20', NULL),
(1922, 482, 72, NULL, '2025-11-21', 'present', 24, '', '2025-11-22 05:33:20', NULL),
(1923, 483, 72, NULL, '2025-11-21', 'present', 24, '', '2025-11-22 05:33:20', NULL),
(1924, 484, 72, NULL, '2025-11-21', 'absent', 24, '', '2025-11-22 05:33:20', NULL),
(1925, 485, 72, NULL, '2025-11-21', 'present', 24, '', '2025-11-22 05:33:20', NULL),
(1926, 486, 72, NULL, '2025-11-21', 'absent', 24, '', '2025-11-22 05:33:20', NULL),
(1927, 487, 72, NULL, '2025-11-21', 'present', 24, '', '2025-11-22 05:33:20', NULL),
(1928, 488, 72, NULL, '2025-11-21', 'present', 24, '', '2025-11-22 05:33:20', NULL),
(1929, 489, 72, NULL, '2025-11-21', 'absent', 24, '', '2025-11-22 05:33:20', NULL),
(1930, 490, 72, NULL, '2025-11-21', 'present', 24, '', '2025-11-22 05:33:20', NULL),
(1931, 491, 72, NULL, '2025-11-21', 'present', 24, '', '2025-11-22 05:33:20', NULL),
(1932, 492, 72, NULL, '2025-11-21', 'present', 24, '', '2025-11-22 05:33:20', NULL),
(1933, 493, 72, NULL, '2025-11-21', 'absent', 24, '', '2025-11-22 05:33:20', NULL),
(1934, 494, 72, NULL, '2025-11-21', 'present', 24, '', '2025-11-22 05:33:20', NULL),
(1935, 495, 72, NULL, '2025-11-21', 'absent', 24, '', '2025-11-22 05:33:20', NULL),
(1936, 496, 72, NULL, '2025-11-21', 'absent', 24, '', '2025-11-22 05:33:20', NULL),
(1937, 497, 72, NULL, '2025-11-21', 'present', 24, '', '2025-11-22 05:33:20', NULL),
(1938, 498, 72, NULL, '2025-11-21', 'present', 24, '', '2025-11-22 05:33:20', NULL),
(1939, 499, 72, NULL, '2025-11-21', 'absent', 24, '', '2025-11-22 05:33:20', NULL),
(1940, 500, 72, NULL, '2025-11-21', 'absent', 24, '', '2025-11-22 05:33:20', NULL),
(1941, 501, 72, NULL, '2025-11-21', 'present', 24, '', '2025-11-22 05:33:20', NULL),
(1942, 502, 72, NULL, '2025-11-21', 'present', 24, '', '2025-11-22 05:33:20', NULL),
(1943, 503, 72, NULL, '2025-11-21', 'present', 24, '', '2025-11-22 05:33:20', NULL),
(1944, 504, 72, NULL, '2025-11-21', 'absent', 24, '', '2025-11-22 05:33:20', NULL),
(1945, 505, 72, NULL, '2025-11-21', 'absent', 24, '', '2025-11-22 05:33:20', NULL),
(1946, 506, 72, NULL, '2025-11-21', 'absent', 24, '', '2025-11-22 05:33:20', NULL),
(1947, 507, 72, NULL, '2025-11-21', 'present', 24, '', '2025-11-22 05:33:20', NULL),
(1948, 508, 72, NULL, '2025-11-21', 'absent', 24, '', '2025-11-22 05:33:20', NULL),
(1949, 509, 72, NULL, '2025-11-21', 'present', 24, '', '2025-11-22 05:33:20', NULL),
(1950, 510, 72, NULL, '2025-11-21', 'present', 24, '', '2025-11-22 05:33:20', NULL),
(1951, 511, 72, NULL, '2025-11-21', 'absent', 24, '', '2025-11-22 05:33:20', NULL),
(1952, 512, 72, NULL, '2025-11-21', 'absent', 24, '', '2025-11-22 05:33:20', NULL),
(1953, 513, 72, NULL, '2025-11-21', 'absent', 24, '', '2025-11-22 05:33:20', NULL),
(1954, 59, 72, NULL, '2025-11-22', 'absent', 24, '', '2025-11-22 05:33:40', NULL),
(1955, 60, 72, NULL, '2025-11-22', 'present', 24, '', '2025-11-22 05:33:40', NULL),
(1956, 61, 72, NULL, '2025-11-22', 'present', 24, '', '2025-11-22 05:33:40', NULL),
(1957, 62, 72, NULL, '2025-11-22', 'present', 24, '', '2025-11-22 05:33:40', NULL),
(1958, 63, 72, NULL, '2025-11-22', 'present', 24, '', '2025-11-22 05:33:40', NULL),
(1959, 451, 72, NULL, '2025-11-22', 'present', 24, '', '2025-11-22 05:33:40', NULL),
(1960, 452, 72, NULL, '2025-11-22', 'absent', 24, '', '2025-11-22 05:33:40', NULL),
(1961, 453, 72, NULL, '2025-11-22', 'absent', 24, '', '2025-11-22 05:33:40', NULL),
(1962, 454, 72, NULL, '2025-11-22', 'absent', 24, '', '2025-11-22 05:33:40', NULL),
(1963, 455, 72, NULL, '2025-11-22', 'absent', 24, '', '2025-11-22 05:33:40', NULL),
(1964, 456, 72, NULL, '2025-11-22', 'absent', 24, '', '2025-11-22 05:33:40', NULL),
(1965, 457, 72, NULL, '2025-11-22', 'absent', 24, '', '2025-11-22 05:33:40', NULL),
(1966, 458, 72, NULL, '2025-11-22', 'absent', 24, '', '2025-11-22 05:33:40', NULL),
(1967, 459, 72, NULL, '2025-11-22', 'absent', 24, '', '2025-11-22 05:33:40', NULL),
(1968, 460, 72, NULL, '2025-11-22', 'absent', 24, '', '2025-11-22 05:33:40', NULL),
(1969, 461, 72, NULL, '2025-11-22', 'absent', 24, '', '2025-11-22 05:33:40', NULL),
(1970, 462, 72, NULL, '2025-11-22', 'absent', 24, '', '2025-11-22 05:33:40', NULL),
(1971, 514, 72, NULL, '2025-11-22', 'absent', 24, '', '2025-11-22 05:33:40', NULL),
(1972, 518, 72, NULL, '2025-11-22', 'absent', 24, '', '2025-11-22 05:33:40', NULL),
(1973, 467, 72, NULL, '2025-11-22', 'absent', 24, '', '2025-11-22 05:33:40', NULL),
(1974, 468, 72, NULL, '2025-11-22', 'absent', 24, '', '2025-11-22 05:33:40', NULL),
(1975, 469, 72, NULL, '2025-11-22', 'absent', 24, '', '2025-11-22 05:33:40', NULL),
(1976, 470, 72, NULL, '2025-11-22', 'absent', 24, '', '2025-11-22 05:33:40', NULL),
(1977, 471, 72, NULL, '2025-11-22', 'absent', 24, '', '2025-11-22 05:33:40', NULL),
(1978, 472, 72, NULL, '2025-11-22', 'absent', 24, '', '2025-11-22 05:33:40', NULL),
(1979, 473, 72, NULL, '2025-11-22', 'absent', 24, '', '2025-11-22 05:33:40', NULL),
(1980, 474, 72, NULL, '2025-11-22', 'absent', 24, '', '2025-11-22 05:33:40', NULL),
(1981, 475, 72, NULL, '2025-11-22', 'absent', 24, '', '2025-11-22 05:33:40', NULL),
(1982, 476, 72, NULL, '2025-11-22', 'absent', 24, '', '2025-11-22 05:33:40', NULL),
(1983, 477, 72, NULL, '2025-11-22', 'absent', 24, '', '2025-11-22 05:33:40', NULL),
(1984, 478, 72, NULL, '2025-11-22', 'absent', 24, '', '2025-11-22 05:33:40', NULL),
(1985, 479, 72, NULL, '2025-11-22', 'absent', 24, '', '2025-11-22 05:33:40', NULL),
(1986, 480, 72, NULL, '2025-11-22', 'absent', 24, '', '2025-11-22 05:33:40', NULL),
(1987, 481, 72, NULL, '2025-11-22', 'absent', 24, '', '2025-11-22 05:33:40', NULL),
(1988, 482, 72, NULL, '2025-11-22', 'absent', 24, '', '2025-11-22 05:33:40', NULL),
(1989, 483, 72, NULL, '2025-11-22', 'absent', 24, '', '2025-11-22 05:33:40', NULL),
(1990, 484, 72, NULL, '2025-11-22', 'absent', 24, '', '2025-11-22 05:33:40', NULL),
(1991, 485, 72, NULL, '2025-11-22', 'absent', 24, '', '2025-11-22 05:33:40', NULL),
(1992, 486, 72, NULL, '2025-11-22', 'present', 24, '', '2025-11-22 05:33:40', NULL),
(1993, 487, 72, NULL, '2025-11-22', 'absent', 24, '', '2025-11-22 05:33:40', NULL),
(1994, 488, 72, NULL, '2025-11-22', 'absent', 24, '', '2025-11-22 05:33:40', NULL),
(1995, 489, 72, NULL, '2025-11-22', 'absent', 24, '', '2025-11-22 05:33:40', NULL),
(1996, 490, 72, NULL, '2025-11-22', 'absent', 24, '', '2025-11-22 05:33:40', NULL),
(1997, 491, 72, NULL, '2025-11-22', 'absent', 24, '', '2025-11-22 05:33:40', NULL),
(1998, 492, 72, NULL, '2025-11-22', 'absent', 24, '', '2025-11-22 05:33:40', NULL),
(1999, 493, 72, NULL, '2025-11-22', 'absent', 24, '', '2025-11-22 05:33:40', NULL),
(2000, 494, 72, NULL, '2025-11-22', 'absent', 24, '', '2025-11-22 05:33:40', NULL),
(2001, 495, 72, NULL, '2025-11-22', 'absent', 24, '', '2025-11-22 05:33:40', NULL),
(2002, 496, 72, NULL, '2025-11-22', 'absent', 24, '', '2025-11-22 05:33:40', NULL),
(2003, 497, 72, NULL, '2025-11-22', 'absent', 24, '', '2025-11-22 05:33:40', NULL),
(2004, 498, 72, NULL, '2025-11-22', 'absent', 24, '', '2025-11-22 05:33:40', NULL),
(2005, 499, 72, NULL, '2025-11-22', 'absent', 24, '', '2025-11-22 05:33:40', NULL),
(2006, 500, 72, NULL, '2025-11-22', 'absent', 24, '', '2025-11-22 05:33:40', NULL),
(2007, 501, 72, NULL, '2025-11-22', 'absent', 24, '', '2025-11-22 05:33:40', NULL),
(2008, 502, 72, NULL, '2025-11-22', 'present', 24, '', '2025-11-22 05:33:40', NULL),
(2009, 503, 72, NULL, '2025-11-22', 'absent', 24, '', '2025-11-22 05:33:40', NULL),
(2010, 504, 72, NULL, '2025-11-22', 'absent', 24, '', '2025-11-22 05:33:40', NULL),
(2011, 505, 72, NULL, '2025-11-22', 'absent', 24, '', '2025-11-22 05:33:40', NULL),
(2012, 506, 72, NULL, '2025-11-22', 'absent', 24, '', '2025-11-22 05:33:40', NULL),
(2013, 507, 72, NULL, '2025-11-22', 'absent', 24, '', '2025-11-22 05:33:40', NULL),
(2014, 508, 72, NULL, '2025-11-22', 'absent', 24, '', '2025-11-22 05:33:40', NULL),
(2015, 509, 72, NULL, '2025-11-22', 'absent', 24, '', '2025-11-22 05:33:40', NULL),
(2016, 510, 72, NULL, '2025-11-22', 'absent', 24, '', '2025-11-22 05:33:40', NULL),
(2017, 511, 72, NULL, '2025-11-22', 'absent', 24, '', '2025-11-22 05:33:40', NULL),
(2018, 512, 72, NULL, '2025-11-22', 'absent', 24, '', '2025-11-22 05:33:40', NULL),
(2019, 513, 72, NULL, '2025-11-22', 'absent', 24, '', '2025-11-22 05:33:40', NULL),
(2020, 383, 91, NULL, '2025-11-19', 'absent', 53, '', '2025-11-22 06:32:05', NULL),
(2021, 384, 91, NULL, '2025-11-19', 'absent', 53, '', '2025-11-22 06:32:05', NULL),
(2022, 385, 91, NULL, '2025-11-19', 'present', 53, '', '2025-11-22 06:32:05', NULL),
(2023, 386, 91, NULL, '2025-11-19', 'present', 53, '', '2025-11-22 06:32:05', NULL),
(2024, 387, 91, NULL, '2025-11-19', 'present', 53, '', '2025-11-22 06:32:05', NULL),
(2025, 388, 91, NULL, '2025-11-19', 'present', 53, '', '2025-11-22 06:32:05', NULL),
(2026, 390, 91, NULL, '2025-11-19', 'present', 53, '', '2025-11-22 06:32:05', NULL),
(2027, 391, 91, NULL, '2025-11-19', 'present', 53, '', '2025-11-22 06:32:05', NULL),
(2028, 392, 91, NULL, '2025-11-19', 'present', 53, '', '2025-11-22 06:32:05', NULL),
(2029, 393, 91, NULL, '2025-11-19', 'present', 53, '', '2025-11-22 06:32:05', NULL),
(2030, 394, 91, NULL, '2025-11-19', 'present', 53, '', '2025-11-22 06:32:05', NULL),
(2031, 395, 91, NULL, '2025-11-19', 'present', 53, '', '2025-11-22 06:32:05', NULL),
(2032, 396, 91, NULL, '2025-11-19', 'present', 53, '', '2025-11-22 06:32:05', NULL),
(2033, 399, 91, NULL, '2025-11-19', 'present', 53, '', '2025-11-22 06:32:05', NULL),
(2034, 398, 91, NULL, '2025-11-19', 'present', 53, '', '2025-11-22 06:32:05', NULL),
(2035, 400, 91, NULL, '2025-11-19', 'present', 53, '', '2025-11-22 06:32:05', NULL),
(2036, 401, 91, NULL, '2025-11-19', 'present', 53, '', '2025-11-22 06:32:05', NULL),
(2037, 402, 91, NULL, '2025-11-19', 'present', 53, '', '2025-11-22 06:32:05', NULL),
(2038, 403, 91, NULL, '2025-11-19', 'present', 53, '', '2025-11-22 06:32:05', NULL),
(2039, 404, 91, NULL, '2025-11-19', 'present', 53, '', '2025-11-22 06:32:05', NULL),
(2040, 405, 91, NULL, '2025-11-19', 'present', 53, '', '2025-11-22 06:32:05', NULL),
(2041, 406, 91, NULL, '2025-11-19', 'present', 53, '', '2025-11-22 06:32:05', NULL),
(2042, 407, 91, NULL, '2025-11-19', 'present', 53, '', '2025-11-22 06:32:05', NULL),
(2043, 408, 91, NULL, '2025-11-19', 'present', 53, '', '2025-11-22 06:32:05', NULL),
(2044, 409, 91, NULL, '2025-11-19', 'present', 53, '', '2025-11-22 06:32:05', NULL),
(2045, 410, 91, NULL, '2025-11-19', 'present', 53, '', '2025-11-22 06:32:05', NULL),
(2046, 411, 91, NULL, '2025-11-19', 'present', 53, '', '2025-11-22 06:32:05', NULL),
(2047, 412, 91, NULL, '2025-11-19', 'present', 53, '', '2025-11-22 06:32:05', NULL),
(2048, 413, 91, NULL, '2025-11-19', 'present', 53, '', '2025-11-22 06:32:05', NULL),
(2049, 414, 91, NULL, '2025-11-19', 'present', 53, '', '2025-11-22 06:32:05', NULL),
(2050, 415, 91, NULL, '2025-11-19', 'present', 53, '', '2025-11-22 06:32:05', NULL),
(2051, 416, 91, NULL, '2025-11-19', 'present', 53, '', '2025-11-22 06:32:05', NULL),
(2052, 417, 91, NULL, '2025-11-19', 'present', 53, '', '2025-11-22 06:32:05', NULL),
(2053, 418, 91, NULL, '2025-11-19', 'present', 53, '', '2025-11-22 06:32:05', NULL),
(2054, 419, 91, NULL, '2025-11-19', 'present', 53, '', '2025-11-22 06:32:05', NULL),
(2055, 420, 91, NULL, '2025-11-19', 'present', 53, '', '2025-11-22 06:32:05', NULL),
(2056, 421, 91, NULL, '2025-11-19', 'present', 53, '', '2025-11-22 06:32:05', NULL),
(2057, 422, 91, NULL, '2025-11-19', 'present', 53, '', '2025-11-22 06:32:05', NULL),
(2058, 423, 91, NULL, '2025-11-19', 'present', 53, '', '2025-11-22 06:32:05', NULL),
(2059, 424, 91, NULL, '2025-11-19', 'present', 53, '', '2025-11-22 06:32:05', NULL),
(2060, 425, 91, NULL, '2025-11-19', 'present', 53, '', '2025-11-22 06:32:05', NULL),
(2061, 426, 91, NULL, '2025-11-19', 'present', 53, '', '2025-11-22 06:32:05', NULL),
(2062, 427, 91, NULL, '2025-11-19', 'present', 53, '', '2025-11-22 06:32:05', NULL),
(2063, 428, 91, NULL, '2025-11-19', 'present', 53, '', '2025-11-22 06:32:05', NULL),
(2064, 429, 91, NULL, '2025-11-19', 'present', 53, '', '2025-11-22 06:32:05', NULL),
(2065, 430, 91, NULL, '2025-11-19', 'present', 53, '', '2025-11-22 06:32:05', NULL),
(2066, 431, 91, NULL, '2025-11-19', 'present', 53, '', '2025-11-22 06:32:05', NULL),
(2067, 432, 91, NULL, '2025-11-19', 'present', 53, '', '2025-11-22 06:32:05', NULL),
(2068, 433, 91, NULL, '2025-11-19', 'present', 53, '', '2025-11-22 06:32:05', NULL),
(2069, 434, 91, NULL, '2025-11-19', 'present', 53, '', '2025-11-22 06:32:05', NULL),
(2070, 435, 91, NULL, '2025-11-19', 'present', 53, '', '2025-11-22 06:32:05', NULL),
(2071, 436, 91, NULL, '2025-11-19', 'present', 53, '', '2025-11-22 06:32:05', NULL),
(2072, 437, 91, NULL, '2025-11-19', 'present', 53, '', '2025-11-22 06:32:05', NULL),
(2073, 438, 91, NULL, '2025-11-19', 'present', 53, '', '2025-11-22 06:32:05', NULL),
(2074, 439, 91, NULL, '2025-11-19', 'present', 53, '', '2025-11-22 06:32:05', NULL),
(2075, 440, 91, NULL, '2025-11-19', 'present', 53, '', '2025-11-22 06:32:05', NULL),
(2076, 441, 91, NULL, '2025-11-19', 'present', 53, '', '2025-11-22 06:32:05', NULL),
(2077, 442, 91, NULL, '2025-11-19', 'present', 53, '', '2025-11-22 06:32:05', NULL),
(2078, 443, 91, NULL, '2025-11-19', 'present', 53, '', '2025-11-22 06:32:05', NULL),
(2079, 444, 91, NULL, '2025-11-19', 'present', 53, '', '2025-11-22 06:32:05', NULL),
(2080, 445, 91, NULL, '2025-11-19', 'present', 53, '', '2025-11-22 06:32:05', NULL),
(2081, 446, 91, NULL, '2025-11-19', 'present', 53, '', '2025-11-22 06:32:05', NULL),
(2082, 447, 91, NULL, '2025-11-19', 'present', 53, '', '2025-11-22 06:32:05', NULL),
(2083, 448, 91, NULL, '2025-11-19', 'present', 53, '', '2025-11-22 06:32:05', NULL),
(2084, 449, 91, NULL, '2025-11-19', 'present', 53, '', '2025-11-22 06:32:05', NULL),
(2085, 389, 91, NULL, '2025-11-19', 'present', 53, '', '2025-11-22 06:32:05', NULL),
(2086, 383, 91, NULL, '2025-11-20', 'absent', 53, '', '2025-11-22 06:32:19', NULL),
(2087, 384, 91, NULL, '2025-11-20', 'present', 53, '', '2025-11-22 06:32:19', NULL),
(2088, 385, 91, NULL, '2025-11-20', 'absent', 53, '', '2025-11-22 06:32:19', NULL),
(2089, 386, 91, NULL, '2025-11-20', 'present', 53, '', '2025-11-22 06:32:19', NULL),
(2090, 387, 91, NULL, '2025-11-20', 'present', 53, '', '2025-11-22 06:32:19', NULL),
(2091, 388, 91, NULL, '2025-11-20', 'absent', 53, '', '2025-11-22 06:32:19', NULL),
(2092, 390, 91, NULL, '2025-11-20', 'present', 53, '', '2025-11-22 06:32:19', NULL),
(2093, 391, 91, NULL, '2025-11-20', 'present', 53, '', '2025-11-22 06:32:19', NULL),
(2094, 392, 91, NULL, '2025-11-20', 'present', 53, '', '2025-11-22 06:32:19', NULL),
(2095, 393, 91, NULL, '2025-11-20', 'present', 53, '', '2025-11-22 06:32:19', NULL),
(2096, 394, 91, NULL, '2025-11-20', 'present', 53, '', '2025-11-22 06:32:19', NULL),
(2097, 395, 91, NULL, '2025-11-20', 'present', 53, '', '2025-11-22 06:32:19', NULL),
(2098, 396, 91, NULL, '2025-11-20', 'present', 53, '', '2025-11-22 06:32:19', NULL),
(2099, 399, 91, NULL, '2025-11-20', 'present', 53, '', '2025-11-22 06:32:19', NULL),
(2100, 398, 91, NULL, '2025-11-20', 'present', 53, '', '2025-11-22 06:32:19', NULL),
(2101, 400, 91, NULL, '2025-11-20', 'present', 53, '', '2025-11-22 06:32:19', NULL),
(2102, 401, 91, NULL, '2025-11-20', 'present', 53, '', '2025-11-22 06:32:19', NULL),
(2103, 402, 91, NULL, '2025-11-20', 'present', 53, '', '2025-11-22 06:32:19', NULL),
(2104, 403, 91, NULL, '2025-11-20', 'present', 53, '', '2025-11-22 06:32:19', NULL),
(2105, 404, 91, NULL, '2025-11-20', 'present', 53, '', '2025-11-22 06:32:19', NULL),
(2106, 405, 91, NULL, '2025-11-20', 'present', 53, '', '2025-11-22 06:32:19', NULL),
(2107, 406, 91, NULL, '2025-11-20', 'present', 53, '', '2025-11-22 06:32:19', NULL),
(2108, 407, 91, NULL, '2025-11-20', 'present', 53, '', '2025-11-22 06:32:19', NULL),
(2109, 408, 91, NULL, '2025-11-20', 'present', 53, '', '2025-11-22 06:32:19', NULL),
(2110, 409, 91, NULL, '2025-11-20', 'present', 53, '', '2025-11-22 06:32:19', NULL),
(2111, 410, 91, NULL, '2025-11-20', 'present', 53, '', '2025-11-22 06:32:19', NULL),
(2112, 411, 91, NULL, '2025-11-20', 'present', 53, '', '2025-11-22 06:32:19', NULL),
(2113, 412, 91, NULL, '2025-11-20', 'present', 53, '', '2025-11-22 06:32:19', NULL),
(2114, 413, 91, NULL, '2025-11-20', 'present', 53, '', '2025-11-22 06:32:19', NULL),
(2115, 414, 91, NULL, '2025-11-20', 'present', 53, '', '2025-11-22 06:32:19', NULL),
(2116, 415, 91, NULL, '2025-11-20', 'present', 53, '', '2025-11-22 06:32:19', NULL),
(2117, 416, 91, NULL, '2025-11-20', 'present', 53, '', '2025-11-22 06:32:19', NULL),
(2118, 417, 91, NULL, '2025-11-20', 'present', 53, '', '2025-11-22 06:32:19', NULL),
(2119, 418, 91, NULL, '2025-11-20', 'present', 53, '', '2025-11-22 06:32:19', NULL),
(2120, 419, 91, NULL, '2025-11-20', 'present', 53, '', '2025-11-22 06:32:19', NULL),
(2121, 420, 91, NULL, '2025-11-20', 'present', 53, '', '2025-11-22 06:32:19', NULL),
(2122, 421, 91, NULL, '2025-11-20', 'present', 53, '', '2025-11-22 06:32:19', NULL),
(2123, 422, 91, NULL, '2025-11-20', 'present', 53, '', '2025-11-22 06:32:19', NULL),
(2124, 423, 91, NULL, '2025-11-20', 'present', 53, '', '2025-11-22 06:32:19', NULL),
(2125, 424, 91, NULL, '2025-11-20', 'present', 53, '', '2025-11-22 06:32:19', NULL),
(2126, 425, 91, NULL, '2025-11-20', 'present', 53, '', '2025-11-22 06:32:19', NULL),
(2127, 426, 91, NULL, '2025-11-20', 'present', 53, '', '2025-11-22 06:32:19', NULL),
(2128, 427, 91, NULL, '2025-11-20', 'present', 53, '', '2025-11-22 06:32:19', NULL),
(2129, 428, 91, NULL, '2025-11-20', 'present', 53, '', '2025-11-22 06:32:19', NULL),
(2130, 429, 91, NULL, '2025-11-20', 'present', 53, '', '2025-11-22 06:32:19', NULL),
(2131, 430, 91, NULL, '2025-11-20', 'present', 53, '', '2025-11-22 06:32:19', NULL),
(2132, 431, 91, NULL, '2025-11-20', 'absent', 53, '', '2025-11-22 06:32:19', NULL),
(2133, 432, 91, NULL, '2025-11-20', 'present', 53, '', '2025-11-22 06:32:19', NULL),
(2134, 433, 91, NULL, '2025-11-20', 'present', 53, '', '2025-11-22 06:32:19', NULL),
(2135, 434, 91, NULL, '2025-11-20', 'present', 53, '', '2025-11-22 06:32:19', NULL),
(2136, 435, 91, NULL, '2025-11-20', 'present', 53, '', '2025-11-22 06:32:19', NULL),
(2137, 436, 91, NULL, '2025-11-20', 'present', 53, '', '2025-11-22 06:32:19', NULL),
(2138, 437, 91, NULL, '2025-11-20', 'present', 53, '', '2025-11-22 06:32:19', NULL),
(2139, 438, 91, NULL, '2025-11-20', 'present', 53, '', '2025-11-22 06:32:19', NULL),
(2140, 439, 91, NULL, '2025-11-20', 'present', 53, '', '2025-11-22 06:32:19', NULL),
(2141, 440, 91, NULL, '2025-11-20', 'present', 53, '', '2025-11-22 06:32:19', NULL),
(2142, 441, 91, NULL, '2025-11-20', 'present', 53, '', '2025-11-22 06:32:19', NULL),
(2143, 442, 91, NULL, '2025-11-20', 'present', 53, '', '2025-11-22 06:32:19', NULL),
(2144, 443, 91, NULL, '2025-11-20', 'present', 53, '', '2025-11-22 06:32:19', NULL),
(2145, 444, 91, NULL, '2025-11-20', 'present', 53, '', '2025-11-22 06:32:19', NULL),
(2146, 445, 91, NULL, '2025-11-20', 'present', 53, '', '2025-11-22 06:32:19', NULL),
(2147, 446, 91, NULL, '2025-11-20', 'absent', 53, '', '2025-11-22 06:32:19', NULL),
(2148, 447, 91, NULL, '2025-11-20', 'present', 53, '', '2025-11-22 06:32:19', NULL),
(2149, 448, 91, NULL, '2025-11-20', 'present', 53, '', '2025-11-22 06:32:19', NULL),
(2150, 449, 91, NULL, '2025-11-20', 'present', 53, '', '2025-11-22 06:32:19', NULL),
(2151, 389, 91, NULL, '2025-11-20', 'present', 53, '', '2025-11-22 06:32:19', NULL),
(2152, 383, 91, NULL, '2025-11-21', 'absent', 53, '', '2025-11-22 06:32:35', NULL),
(2153, 384, 91, NULL, '2025-11-21', 'present', 53, '', '2025-11-22 06:32:35', NULL),
(2154, 385, 91, NULL, '2025-11-21', 'absent', 53, '', '2025-11-22 06:32:35', NULL),
(2155, 386, 91, NULL, '2025-11-21', 'absent', 53, '', '2025-11-22 06:32:35', NULL),
(2156, 387, 91, NULL, '2025-11-21', 'absent', 53, '', '2025-11-22 06:32:35', NULL),
(2157, 388, 91, NULL, '2025-11-21', 'absent', 53, '', '2025-11-22 06:32:35', NULL),
(2158, 390, 91, NULL, '2025-11-21', 'absent', 53, '', '2025-11-22 06:32:35', NULL),
(2159, 391, 91, NULL, '2025-11-21', 'absent', 53, '', '2025-11-22 06:32:35', NULL),
(2160, 392, 91, NULL, '2025-11-21', 'absent', 53, '', '2025-11-22 06:32:35', NULL),
(2161, 393, 91, NULL, '2025-11-21', 'absent', 53, '', '2025-11-22 06:32:35', NULL),
(2162, 394, 91, NULL, '2025-11-21', 'absent', 53, '', '2025-11-22 06:32:35', NULL),
(2163, 395, 91, NULL, '2025-11-21', 'absent', 53, '', '2025-11-22 06:32:35', NULL),
(2164, 396, 91, NULL, '2025-11-21', 'absent', 53, '', '2025-11-22 06:32:35', NULL),
(2165, 399, 91, NULL, '2025-11-21', 'present', 53, '', '2025-11-22 06:32:35', NULL),
(2166, 398, 91, NULL, '2025-11-21', 'absent', 53, '', '2025-11-22 06:32:35', NULL);
INSERT INTO `student_attendance` (`id`, `student_id`, `class_id`, `subject_id`, `attendance_date`, `status`, `marked_by`, `remarks`, `marked_at`, `teacher_id`) VALUES
(2167, 400, 91, NULL, '2025-11-21', 'absent', 53, '', '2025-11-22 06:32:35', NULL),
(2168, 401, 91, NULL, '2025-11-21', 'present', 53, '', '2025-11-22 06:32:35', NULL),
(2169, 402, 91, NULL, '2025-11-21', 'absent', 53, '', '2025-11-22 06:32:35', NULL),
(2170, 403, 91, NULL, '2025-11-21', 'absent', 53, '', '2025-11-22 06:32:35', NULL),
(2171, 404, 91, NULL, '2025-11-21', 'present', 53, '', '2025-11-22 06:32:35', NULL),
(2172, 405, 91, NULL, '2025-11-21', 'absent', 53, '', '2025-11-22 06:32:35', NULL),
(2173, 406, 91, NULL, '2025-11-21', 'absent', 53, '', '2025-11-22 06:32:35', NULL),
(2174, 407, 91, NULL, '2025-11-21', 'absent', 53, '', '2025-11-22 06:32:35', NULL),
(2175, 408, 91, NULL, '2025-11-21', 'absent', 53, '', '2025-11-22 06:32:35', NULL),
(2176, 409, 91, NULL, '2025-11-21', 'absent', 53, '', '2025-11-22 06:32:35', NULL),
(2177, 410, 91, NULL, '2025-11-21', 'absent', 53, '', '2025-11-22 06:32:35', NULL),
(2178, 411, 91, NULL, '2025-11-21', 'absent', 53, '', '2025-11-22 06:32:35', NULL),
(2179, 412, 91, NULL, '2025-11-21', 'absent', 53, '', '2025-11-22 06:32:35', NULL),
(2180, 413, 91, NULL, '2025-11-21', 'absent', 53, '', '2025-11-22 06:32:35', NULL),
(2181, 414, 91, NULL, '2025-11-21', 'absent', 53, '', '2025-11-22 06:32:35', NULL),
(2182, 415, 91, NULL, '2025-11-21', 'absent', 53, '', '2025-11-22 06:32:35', NULL),
(2183, 416, 91, NULL, '2025-11-21', 'absent', 53, '', '2025-11-22 06:32:35', NULL),
(2184, 417, 91, NULL, '2025-11-21', 'absent', 53, '', '2025-11-22 06:32:35', NULL),
(2185, 418, 91, NULL, '2025-11-21', 'absent', 53, '', '2025-11-22 06:32:35', NULL),
(2186, 419, 91, NULL, '2025-11-21', 'present', 53, '', '2025-11-22 06:32:35', NULL),
(2187, 420, 91, NULL, '2025-11-21', 'absent', 53, '', '2025-11-22 06:32:35', NULL),
(2188, 421, 91, NULL, '2025-11-21', 'absent', 53, '', '2025-11-22 06:32:35', NULL),
(2189, 422, 91, NULL, '2025-11-21', 'absent', 53, '', '2025-11-22 06:32:35', NULL),
(2190, 423, 91, NULL, '2025-11-21', 'present', 53, '', '2025-11-22 06:32:35', NULL),
(2191, 424, 91, NULL, '2025-11-21', 'absent', 53, '', '2025-11-22 06:32:35', NULL),
(2192, 425, 91, NULL, '2025-11-21', 'absent', 53, '', '2025-11-22 06:32:35', NULL),
(2193, 426, 91, NULL, '2025-11-21', 'absent', 53, '', '2025-11-22 06:32:35', NULL),
(2194, 427, 91, NULL, '2025-11-21', 'absent', 53, '', '2025-11-22 06:32:35', NULL),
(2195, 428, 91, NULL, '2025-11-21', 'absent', 53, '', '2025-11-22 06:32:35', NULL),
(2196, 429, 91, NULL, '2025-11-21', 'absent', 53, '', '2025-11-22 06:32:35', NULL),
(2197, 430, 91, NULL, '2025-11-21', 'absent', 53, '', '2025-11-22 06:32:35', NULL),
(2198, 431, 91, NULL, '2025-11-21', 'absent', 53, '', '2025-11-22 06:32:35', NULL),
(2199, 432, 91, NULL, '2025-11-21', 'absent', 53, '', '2025-11-22 06:32:35', NULL),
(2200, 433, 91, NULL, '2025-11-21', 'absent', 53, '', '2025-11-22 06:32:35', NULL),
(2201, 434, 91, NULL, '2025-11-21', 'absent', 53, '', '2025-11-22 06:32:35', NULL),
(2202, 435, 91, NULL, '2025-11-21', 'absent', 53, '', '2025-11-22 06:32:35', NULL),
(2203, 436, 91, NULL, '2025-11-21', 'absent', 53, '', '2025-11-22 06:32:35', NULL),
(2204, 437, 91, NULL, '2025-11-21', 'absent', 53, '', '2025-11-22 06:32:35', NULL),
(2205, 438, 91, NULL, '2025-11-21', 'absent', 53, '', '2025-11-22 06:32:35', NULL),
(2206, 439, 91, NULL, '2025-11-21', 'absent', 53, '', '2025-11-22 06:32:35', NULL),
(2207, 440, 91, NULL, '2025-11-21', 'absent', 53, '', '2025-11-22 06:32:35', NULL),
(2208, 441, 91, NULL, '2025-11-21', 'absent', 53, '', '2025-11-22 06:32:35', NULL),
(2209, 442, 91, NULL, '2025-11-21', 'absent', 53, '', '2025-11-22 06:32:35', NULL),
(2210, 443, 91, NULL, '2025-11-21', 'absent', 53, '', '2025-11-22 06:32:35', NULL),
(2211, 444, 91, NULL, '2025-11-21', 'absent', 53, '', '2025-11-22 06:32:35', NULL),
(2212, 445, 91, NULL, '2025-11-21', 'absent', 53, '', '2025-11-22 06:32:35', NULL),
(2213, 446, 91, NULL, '2025-11-21', 'absent', 53, '', '2025-11-22 06:32:35', NULL),
(2214, 447, 91, NULL, '2025-11-21', 'absent', 53, '', '2025-11-22 06:32:35', NULL),
(2215, 448, 91, NULL, '2025-11-21', 'absent', 53, '', '2025-11-22 06:32:35', NULL),
(2216, 449, 91, NULL, '2025-11-21', 'absent', 53, '', '2025-11-22 06:32:35', NULL),
(2217, 389, 91, NULL, '2025-11-21', 'absent', 53, '', '2025-11-22 06:32:35', NULL),
(2218, 383, 91, NULL, '2025-11-22', 'present', 53, '', '2025-11-22 06:32:54', NULL),
(2219, 384, 91, NULL, '2025-11-22', 'present', 53, '', '2025-11-22 06:32:54', NULL),
(2220, 385, 91, NULL, '2025-11-22', 'absent', 53, '', '2025-11-22 06:32:54', NULL),
(2221, 386, 91, NULL, '2025-11-22', 'present', 53, '', '2025-11-22 06:32:54', NULL),
(2222, 387, 91, NULL, '2025-11-22', 'absent', 53, '', '2025-11-22 06:32:54', NULL),
(2223, 388, 91, NULL, '2025-11-22', 'present', 53, '', '2025-11-22 06:32:54', NULL),
(2224, 390, 91, NULL, '2025-11-22', 'absent', 53, '', '2025-11-22 06:32:54', NULL),
(2225, 391, 91, NULL, '2025-11-22', 'present', 53, '', '2025-11-22 06:32:54', NULL),
(2226, 392, 91, NULL, '2025-11-22', 'absent', 53, '', '2025-11-22 06:32:54', NULL),
(2227, 393, 91, NULL, '2025-11-22', 'present', 53, '', '2025-11-22 06:32:54', NULL),
(2228, 394, 91, NULL, '2025-11-22', 'present', 53, '', '2025-11-22 06:32:54', NULL),
(2229, 395, 91, NULL, '2025-11-22', 'present', 53, '', '2025-11-22 06:32:54', NULL),
(2230, 396, 91, NULL, '2025-11-22', 'present', 53, '', '2025-11-22 06:32:54', NULL),
(2231, 399, 91, NULL, '2025-11-22', 'present', 53, '', '2025-11-22 06:32:54', NULL),
(2232, 398, 91, NULL, '2025-11-22', 'present', 53, '', '2025-11-22 06:32:54', NULL),
(2233, 400, 91, NULL, '2025-11-22', 'present', 53, '', '2025-11-22 06:32:54', NULL),
(2234, 401, 91, NULL, '2025-11-22', 'present', 53, '', '2025-11-22 06:32:54', NULL),
(2235, 402, 91, NULL, '2025-11-22', 'present', 53, '', '2025-11-22 06:32:54', NULL),
(2236, 403, 91, NULL, '2025-11-22', 'present', 53, '', '2025-11-22 06:32:54', NULL),
(2237, 404, 91, NULL, '2025-11-22', 'present', 53, '', '2025-11-22 06:32:54', NULL),
(2238, 405, 91, NULL, '2025-11-22', 'present', 53, '', '2025-11-22 06:32:54', NULL),
(2239, 406, 91, NULL, '2025-11-22', 'present', 53, '', '2025-11-22 06:32:54', NULL),
(2240, 407, 91, NULL, '2025-11-22', 'present', 53, '', '2025-11-22 06:32:54', NULL),
(2241, 408, 91, NULL, '2025-11-22', 'present', 53, '', '2025-11-22 06:32:54', NULL),
(2242, 409, 91, NULL, '2025-11-22', 'present', 53, '', '2025-11-22 06:32:54', NULL),
(2243, 410, 91, NULL, '2025-11-22', 'present', 53, '', '2025-11-22 06:32:54', NULL),
(2244, 411, 91, NULL, '2025-11-22', 'present', 53, '', '2025-11-22 06:32:54', NULL),
(2245, 412, 91, NULL, '2025-11-22', 'present', 53, '', '2025-11-22 06:32:54', NULL),
(2246, 413, 91, NULL, '2025-11-22', 'present', 53, '', '2025-11-22 06:32:54', NULL),
(2247, 414, 91, NULL, '2025-11-22', 'present', 53, '', '2025-11-22 06:32:54', NULL),
(2248, 415, 91, NULL, '2025-11-22', 'present', 53, '', '2025-11-22 06:32:54', NULL),
(2249, 416, 91, NULL, '2025-11-22', 'present', 53, '', '2025-11-22 06:32:54', NULL),
(2250, 417, 91, NULL, '2025-11-22', 'present', 53, '', '2025-11-22 06:32:54', NULL),
(2251, 418, 91, NULL, '2025-11-22', 'present', 53, '', '2025-11-22 06:32:54', NULL),
(2252, 419, 91, NULL, '2025-11-22', 'present', 53, '', '2025-11-22 06:32:54', NULL),
(2253, 420, 91, NULL, '2025-11-22', 'present', 53, '', '2025-11-22 06:32:54', NULL),
(2254, 421, 91, NULL, '2025-11-22', 'present', 53, '', '2025-11-22 06:32:54', NULL),
(2255, 422, 91, NULL, '2025-11-22', 'present', 53, '', '2025-11-22 06:32:54', NULL),
(2256, 423, 91, NULL, '2025-11-22', 'present', 53, '', '2025-11-22 06:32:54', NULL),
(2257, 424, 91, NULL, '2025-11-22', 'present', 53, '', '2025-11-22 06:32:54', NULL),
(2258, 425, 91, NULL, '2025-11-22', 'present', 53, '', '2025-11-22 06:32:54', NULL),
(2259, 426, 91, NULL, '2025-11-22', 'present', 53, '', '2025-11-22 06:32:54', NULL),
(2260, 427, 91, NULL, '2025-11-22', 'present', 53, '', '2025-11-22 06:32:54', NULL),
(2261, 428, 91, NULL, '2025-11-22', 'present', 53, '', '2025-11-22 06:32:54', NULL),
(2262, 429, 91, NULL, '2025-11-22', 'present', 53, '', '2025-11-22 06:32:54', NULL),
(2263, 430, 91, NULL, '2025-11-22', 'present', 53, '', '2025-11-22 06:32:54', NULL),
(2264, 431, 91, NULL, '2025-11-22', 'present', 53, '', '2025-11-22 06:32:54', NULL),
(2265, 432, 91, NULL, '2025-11-22', 'present', 53, '', '2025-11-22 06:32:54', NULL),
(2266, 433, 91, NULL, '2025-11-22', 'present', 53, '', '2025-11-22 06:32:54', NULL),
(2267, 434, 91, NULL, '2025-11-22', 'present', 53, '', '2025-11-22 06:32:54', NULL),
(2268, 435, 91, NULL, '2025-11-22', 'present', 53, '', '2025-11-22 06:32:54', NULL),
(2269, 436, 91, NULL, '2025-11-22', 'present', 53, '', '2025-11-22 06:32:54', NULL),
(2270, 437, 91, NULL, '2025-11-22', 'present', 53, '', '2025-11-22 06:32:54', NULL),
(2271, 438, 91, NULL, '2025-11-22', 'present', 53, '', '2025-11-22 06:32:54', NULL),
(2272, 439, 91, NULL, '2025-11-22', 'present', 53, '', '2025-11-22 06:32:54', NULL),
(2273, 440, 91, NULL, '2025-11-22', 'present', 53, '', '2025-11-22 06:32:54', NULL),
(2274, 441, 91, NULL, '2025-11-22', 'present', 53, '', '2025-11-22 06:32:54', NULL),
(2275, 442, 91, NULL, '2025-11-22', 'present', 53, '', '2025-11-22 06:32:54', NULL),
(2276, 443, 91, NULL, '2025-11-22', 'absent', 53, '', '2025-11-22 06:32:54', NULL),
(2277, 444, 91, NULL, '2025-11-22', 'present', 53, '', '2025-11-22 06:32:54', NULL),
(2278, 445, 91, NULL, '2025-11-22', 'absent', 53, '', '2025-11-22 06:32:54', NULL),
(2279, 446, 91, NULL, '2025-11-22', 'present', 53, '', '2025-11-22 06:32:54', NULL),
(2280, 447, 91, NULL, '2025-11-22', 'present', 53, '', '2025-11-22 06:32:54', NULL),
(2281, 448, 91, NULL, '2025-11-22', 'present', 53, '', '2025-11-22 06:32:54', NULL),
(2282, 449, 91, NULL, '2025-11-22', 'absent', 53, '', '2025-11-22 06:32:54', NULL),
(2283, 389, 91, NULL, '2025-11-22', 'present', 53, '', '2025-11-22 06:32:54', NULL),
(2284, 59, 90, NULL, '2025-11-19', 'absent', 53, '', '2025-11-22 06:33:52', NULL),
(2285, 60, 90, NULL, '2025-11-19', 'present', 53, '', '2025-11-22 06:33:52', NULL),
(2286, 61, 90, NULL, '2025-11-19', 'absent', 53, '', '2025-11-22 06:33:52', NULL),
(2287, 62, 90, NULL, '2025-11-19', 'present', 53, '', '2025-11-22 06:33:52', NULL),
(2288, 63, 90, NULL, '2025-11-19', 'present', 53, '', '2025-11-22 06:33:52', NULL),
(2289, 451, 90, NULL, '2025-11-19', 'present', 53, '', '2025-11-22 06:33:52', NULL),
(2290, 452, 90, NULL, '2025-11-19', 'absent', 53, '', '2025-11-22 06:33:52', NULL),
(2291, 453, 90, NULL, '2025-11-19', 'present', 53, '', '2025-11-22 06:33:52', NULL),
(2292, 454, 90, NULL, '2025-11-19', 'present', 53, '', '2025-11-22 06:33:52', NULL),
(2293, 455, 90, NULL, '2025-11-19', 'absent', 53, '', '2025-11-22 06:33:52', NULL),
(2294, 456, 90, NULL, '2025-11-19', 'present', 53, '', '2025-11-22 06:33:52', NULL),
(2295, 457, 90, NULL, '2025-11-19', 'present', 53, '', '2025-11-22 06:33:52', NULL),
(2296, 458, 90, NULL, '2025-11-19', 'absent', 53, '', '2025-11-22 06:33:52', NULL),
(2297, 459, 90, NULL, '2025-11-19', 'present', 53, '', '2025-11-22 06:33:52', NULL),
(2298, 460, 90, NULL, '2025-11-19', 'present', 53, '', '2025-11-22 06:33:52', NULL),
(2299, 461, 90, NULL, '2025-11-19', 'present', 53, '', '2025-11-22 06:33:52', NULL),
(2300, 462, 90, NULL, '2025-11-19', 'present', 53, '', '2025-11-22 06:33:52', NULL),
(2301, 514, 90, NULL, '2025-11-19', 'present', 53, '', '2025-11-22 06:33:52', NULL),
(2302, 518, 90, NULL, '2025-11-19', 'present', 53, '', '2025-11-22 06:33:52', NULL),
(2303, 467, 90, NULL, '2025-11-19', 'present', 53, '', '2025-11-22 06:33:52', NULL),
(2304, 468, 90, NULL, '2025-11-19', 'present', 53, '', '2025-11-22 06:33:52', NULL),
(2305, 469, 90, NULL, '2025-11-19', 'present', 53, '', '2025-11-22 06:33:52', NULL),
(2306, 470, 90, NULL, '2025-11-19', 'present', 53, '', '2025-11-22 06:33:52', NULL),
(2307, 471, 90, NULL, '2025-11-19', 'present', 53, '', '2025-11-22 06:33:52', NULL),
(2308, 472, 90, NULL, '2025-11-19', 'present', 53, '', '2025-11-22 06:33:52', NULL),
(2309, 473, 90, NULL, '2025-11-19', 'present', 53, '', '2025-11-22 06:33:52', NULL),
(2310, 474, 90, NULL, '2025-11-19', 'present', 53, '', '2025-11-22 06:33:52', NULL),
(2311, 475, 90, NULL, '2025-11-19', 'present', 53, '', '2025-11-22 06:33:52', NULL),
(2312, 476, 90, NULL, '2025-11-19', 'present', 53, '', '2025-11-22 06:33:52', NULL),
(2313, 477, 90, NULL, '2025-11-19', 'present', 53, '', '2025-11-22 06:33:52', NULL),
(2314, 478, 90, NULL, '2025-11-19', 'present', 53, '', '2025-11-22 06:33:52', NULL),
(2315, 479, 90, NULL, '2025-11-19', 'present', 53, '', '2025-11-22 06:33:52', NULL),
(2316, 480, 90, NULL, '2025-11-19', 'present', 53, '', '2025-11-22 06:33:52', NULL),
(2317, 481, 90, NULL, '2025-11-19', 'present', 53, '', '2025-11-22 06:33:52', NULL),
(2318, 482, 90, NULL, '2025-11-19', 'present', 53, '', '2025-11-22 06:33:52', NULL),
(2319, 483, 90, NULL, '2025-11-19', 'present', 53, '', '2025-11-22 06:33:52', NULL),
(2320, 484, 90, NULL, '2025-11-19', 'present', 53, '', '2025-11-22 06:33:52', NULL),
(2321, 485, 90, NULL, '2025-11-19', 'present', 53, '', '2025-11-22 06:33:52', NULL),
(2322, 486, 90, NULL, '2025-11-19', 'present', 53, '', '2025-11-22 06:33:52', NULL),
(2323, 487, 90, NULL, '2025-11-19', 'present', 53, '', '2025-11-22 06:33:52', NULL),
(2324, 488, 90, NULL, '2025-11-19', 'present', 53, '', '2025-11-22 06:33:52', NULL),
(2325, 489, 90, NULL, '2025-11-19', 'present', 53, '', '2025-11-22 06:33:52', NULL),
(2326, 490, 90, NULL, '2025-11-19', 'present', 53, '', '2025-11-22 06:33:52', NULL),
(2327, 491, 90, NULL, '2025-11-19', 'present', 53, '', '2025-11-22 06:33:52', NULL),
(2328, 492, 90, NULL, '2025-11-19', 'present', 53, '', '2025-11-22 06:33:52', NULL),
(2329, 493, 90, NULL, '2025-11-19', 'present', 53, '', '2025-11-22 06:33:52', NULL),
(2330, 494, 90, NULL, '2025-11-19', 'present', 53, '', '2025-11-22 06:33:52', NULL),
(2331, 495, 90, NULL, '2025-11-19', 'present', 53, '', '2025-11-22 06:33:52', NULL),
(2332, 496, 90, NULL, '2025-11-19', 'present', 53, '', '2025-11-22 06:33:52', NULL),
(2333, 497, 90, NULL, '2025-11-19', 'present', 53, '', '2025-11-22 06:33:52', NULL),
(2334, 498, 90, NULL, '2025-11-19', 'present', 53, '', '2025-11-22 06:33:52', NULL),
(2335, 499, 90, NULL, '2025-11-19', 'present', 53, '', '2025-11-22 06:33:52', NULL),
(2336, 500, 90, NULL, '2025-11-19', 'present', 53, '', '2025-11-22 06:33:52', NULL),
(2337, 501, 90, NULL, '2025-11-19', 'present', 53, '', '2025-11-22 06:33:52', NULL),
(2338, 502, 90, NULL, '2025-11-19', 'present', 53, '', '2025-11-22 06:33:52', NULL),
(2339, 503, 90, NULL, '2025-11-19', 'present', 53, '', '2025-11-22 06:33:52', NULL),
(2340, 504, 90, NULL, '2025-11-19', 'present', 53, '', '2025-11-22 06:33:52', NULL),
(2341, 505, 90, NULL, '2025-11-19', 'present', 53, '', '2025-11-22 06:33:52', NULL),
(2342, 506, 90, NULL, '2025-11-19', 'present', 53, '', '2025-11-22 06:33:52', NULL),
(2343, 507, 90, NULL, '2025-11-19', 'present', 53, '', '2025-11-22 06:33:52', NULL),
(2344, 508, 90, NULL, '2025-11-19', 'present', 53, '', '2025-11-22 06:33:52', NULL),
(2345, 509, 90, NULL, '2025-11-19', 'present', 53, '', '2025-11-22 06:33:52', NULL),
(2346, 510, 90, NULL, '2025-11-19', 'present', 53, '', '2025-11-22 06:33:52', NULL),
(2347, 511, 90, NULL, '2025-11-19', 'present', 53, '', '2025-11-22 06:33:52', NULL),
(2348, 512, 90, NULL, '2025-11-19', 'present', 53, '', '2025-11-22 06:33:52', NULL),
(2349, 513, 90, NULL, '2025-11-19', 'present', 53, '', '2025-11-22 06:33:52', NULL),
(2350, 59, 90, NULL, '2025-11-20', 'present', 53, '', '2025-11-22 06:34:03', NULL),
(2351, 60, 90, NULL, '2025-11-20', 'absent', 53, '', '2025-11-22 06:34:03', NULL),
(2352, 61, 90, NULL, '2025-11-20', 'present', 53, '', '2025-11-22 06:34:03', NULL),
(2353, 62, 90, NULL, '2025-11-20', 'present', 53, '', '2025-11-22 06:34:03', NULL),
(2354, 63, 90, NULL, '2025-11-20', 'present', 53, '', '2025-11-22 06:34:03', NULL),
(2355, 451, 90, NULL, '2025-11-20', 'present', 53, '', '2025-11-22 06:34:03', NULL),
(2356, 452, 90, NULL, '2025-11-20', 'present', 53, '', '2025-11-22 06:34:03', NULL),
(2357, 453, 90, NULL, '2025-11-20', 'present', 53, '', '2025-11-22 06:34:03', NULL),
(2358, 454, 90, NULL, '2025-11-20', 'present', 53, '', '2025-11-22 06:34:03', NULL),
(2359, 455, 90, NULL, '2025-11-20', 'present', 53, '', '2025-11-22 06:34:03', NULL),
(2360, 456, 90, NULL, '2025-11-20', 'present', 53, '', '2025-11-22 06:34:03', NULL),
(2361, 457, 90, NULL, '2025-11-20', 'present', 53, '', '2025-11-22 06:34:03', NULL),
(2362, 458, 90, NULL, '2025-11-20', 'present', 53, '', '2025-11-22 06:34:03', NULL),
(2363, 459, 90, NULL, '2025-11-20', 'present', 53, '', '2025-11-22 06:34:03', NULL),
(2364, 460, 90, NULL, '2025-11-20', 'present', 53, '', '2025-11-22 06:34:03', NULL),
(2365, 461, 90, NULL, '2025-11-20', 'present', 53, '', '2025-11-22 06:34:03', NULL),
(2366, 462, 90, NULL, '2025-11-20', 'present', 53, '', '2025-11-22 06:34:03', NULL),
(2367, 514, 90, NULL, '2025-11-20', 'present', 53, '', '2025-11-22 06:34:03', NULL),
(2368, 518, 90, NULL, '2025-11-20', 'present', 53, '', '2025-11-22 06:34:03', NULL),
(2369, 467, 90, NULL, '2025-11-20', 'present', 53, '', '2025-11-22 06:34:03', NULL),
(2370, 468, 90, NULL, '2025-11-20', 'present', 53, '', '2025-11-22 06:34:03', NULL),
(2371, 469, 90, NULL, '2025-11-20', 'present', 53, '', '2025-11-22 06:34:03', NULL),
(2372, 470, 90, NULL, '2025-11-20', 'present', 53, '', '2025-11-22 06:34:03', NULL),
(2373, 471, 90, NULL, '2025-11-20', 'present', 53, '', '2025-11-22 06:34:03', NULL),
(2374, 472, 90, NULL, '2025-11-20', 'present', 53, '', '2025-11-22 06:34:03', NULL),
(2375, 473, 90, NULL, '2025-11-20', 'present', 53, '', '2025-11-22 06:34:03', NULL),
(2376, 474, 90, NULL, '2025-11-20', 'present', 53, '', '2025-11-22 06:34:03', NULL),
(2377, 475, 90, NULL, '2025-11-20', 'present', 53, '', '2025-11-22 06:34:03', NULL),
(2378, 476, 90, NULL, '2025-11-20', 'present', 53, '', '2025-11-22 06:34:03', NULL),
(2379, 477, 90, NULL, '2025-11-20', 'present', 53, '', '2025-11-22 06:34:03', NULL),
(2380, 478, 90, NULL, '2025-11-20', 'present', 53, '', '2025-11-22 06:34:03', NULL),
(2381, 479, 90, NULL, '2025-11-20', 'present', 53, '', '2025-11-22 06:34:03', NULL),
(2382, 480, 90, NULL, '2025-11-20', 'present', 53, '', '2025-11-22 06:34:03', NULL),
(2383, 481, 90, NULL, '2025-11-20', 'present', 53, '', '2025-11-22 06:34:03', NULL),
(2384, 482, 90, NULL, '2025-11-20', 'present', 53, '', '2025-11-22 06:34:03', NULL),
(2385, 483, 90, NULL, '2025-11-20', 'present', 53, '', '2025-11-22 06:34:03', NULL),
(2386, 484, 90, NULL, '2025-11-20', 'absent', 53, '', '2025-11-22 06:34:03', NULL),
(2387, 485, 90, NULL, '2025-11-20', 'present', 53, '', '2025-11-22 06:34:03', NULL),
(2388, 486, 90, NULL, '2025-11-20', 'present', 53, '', '2025-11-22 06:34:03', NULL),
(2389, 487, 90, NULL, '2025-11-20', 'present', 53, '', '2025-11-22 06:34:03', NULL),
(2390, 488, 90, NULL, '2025-11-20', 'present', 53, '', '2025-11-22 06:34:03', NULL),
(2391, 489, 90, NULL, '2025-11-20', 'present', 53, '', '2025-11-22 06:34:03', NULL),
(2392, 490, 90, NULL, '2025-11-20', 'present', 53, '', '2025-11-22 06:34:03', NULL),
(2393, 491, 90, NULL, '2025-11-20', 'present', 53, '', '2025-11-22 06:34:03', NULL),
(2394, 492, 90, NULL, '2025-11-20', 'present', 53, '', '2025-11-22 06:34:03', NULL),
(2395, 493, 90, NULL, '2025-11-20', 'present', 53, '', '2025-11-22 06:34:03', NULL),
(2396, 494, 90, NULL, '2025-11-20', 'present', 53, '', '2025-11-22 06:34:03', NULL),
(2397, 495, 90, NULL, '2025-11-20', 'present', 53, '', '2025-11-22 06:34:03', NULL),
(2398, 496, 90, NULL, '2025-11-20', 'present', 53, '', '2025-11-22 06:34:03', NULL),
(2399, 497, 90, NULL, '2025-11-20', 'present', 53, '', '2025-11-22 06:34:03', NULL),
(2400, 498, 90, NULL, '2025-11-20', 'present', 53, '', '2025-11-22 06:34:03', NULL),
(2401, 499, 90, NULL, '2025-11-20', 'present', 53, '', '2025-11-22 06:34:03', NULL),
(2402, 500, 90, NULL, '2025-11-20', 'present', 53, '', '2025-11-22 06:34:03', NULL),
(2403, 501, 90, NULL, '2025-11-20', 'present', 53, '', '2025-11-22 06:34:03', NULL),
(2404, 502, 90, NULL, '2025-11-20', 'present', 53, '', '2025-11-22 06:34:03', NULL),
(2405, 503, 90, NULL, '2025-11-20', 'present', 53, '', '2025-11-22 06:34:03', NULL),
(2406, 504, 90, NULL, '2025-11-20', 'present', 53, '', '2025-11-22 06:34:03', NULL),
(2407, 505, 90, NULL, '2025-11-20', 'present', 53, '', '2025-11-22 06:34:03', NULL),
(2408, 506, 90, NULL, '2025-11-20', 'present', 53, '', '2025-11-22 06:34:03', NULL),
(2409, 507, 90, NULL, '2025-11-20', 'present', 53, '', '2025-11-22 06:34:03', NULL),
(2410, 508, 90, NULL, '2025-11-20', 'present', 53, '', '2025-11-22 06:34:03', NULL),
(2411, 509, 90, NULL, '2025-11-20', 'present', 53, '', '2025-11-22 06:34:03', NULL),
(2412, 510, 90, NULL, '2025-11-20', 'present', 53, '', '2025-11-22 06:34:03', NULL),
(2413, 511, 90, NULL, '2025-11-20', 'present', 53, '', '2025-11-22 06:34:03', NULL),
(2414, 512, 90, NULL, '2025-11-20', 'present', 53, '', '2025-11-22 06:34:03', NULL),
(2415, 513, 90, NULL, '2025-11-20', 'present', 53, '', '2025-11-22 06:34:03', NULL),
(2416, 59, 90, NULL, '2025-11-21', 'present', 53, '', '2025-11-22 06:34:32', NULL),
(2417, 60, 90, NULL, '2025-11-21', 'absent', 53, '', '2025-11-22 06:34:32', NULL),
(2418, 61, 90, NULL, '2025-11-21', 'present', 53, '', '2025-11-22 06:34:32', NULL),
(2419, 62, 90, NULL, '2025-11-21', 'present', 53, '', '2025-11-22 06:34:32', NULL),
(2420, 63, 90, NULL, '2025-11-21', 'absent', 53, '', '2025-11-22 06:34:32', NULL),
(2421, 451, 90, NULL, '2025-11-21', 'present', 53, '', '2025-11-22 06:34:32', NULL),
(2422, 452, 90, NULL, '2025-11-21', 'present', 53, '', '2025-11-22 06:34:32', NULL),
(2423, 453, 90, NULL, '2025-11-21', 'absent', 53, '', '2025-11-22 06:34:32', NULL),
(2424, 454, 90, NULL, '2025-11-21', 'present', 53, '', '2025-11-22 06:34:32', NULL),
(2425, 455, 90, NULL, '2025-11-21', 'present', 53, '', '2025-11-22 06:34:32', NULL),
(2426, 456, 90, NULL, '2025-11-21', 'absent', 53, '', '2025-11-22 06:34:32', NULL),
(2427, 457, 90, NULL, '2025-11-21', 'present', 53, '', '2025-11-22 06:34:32', NULL),
(2428, 458, 90, NULL, '2025-11-21', 'present', 53, '', '2025-11-22 06:34:32', NULL),
(2429, 459, 90, NULL, '2025-11-21', 'absent', 53, '', '2025-11-22 06:34:32', NULL),
(2430, 460, 90, NULL, '2025-11-21', 'present', 53, '', '2025-11-22 06:34:32', NULL),
(2431, 461, 90, NULL, '2025-11-21', 'present', 53, '', '2025-11-22 06:34:32', NULL),
(2432, 462, 90, NULL, '2025-11-21', 'absent', 53, '', '2025-11-22 06:34:32', NULL),
(2433, 514, 90, NULL, '2025-11-21', 'present', 53, '', '2025-11-22 06:34:32', NULL),
(2434, 518, 90, NULL, '2025-11-21', 'present', 53, '', '2025-11-22 06:34:32', NULL),
(2435, 467, 90, NULL, '2025-11-21', 'absent', 53, '', '2025-11-22 06:34:32', NULL),
(2436, 468, 90, NULL, '2025-11-21', 'present', 53, '', '2025-11-22 06:34:32', NULL),
(2437, 469, 90, NULL, '2025-11-21', 'absent', 53, '', '2025-11-22 06:34:32', NULL),
(2438, 470, 90, NULL, '2025-11-21', 'present', 53, '', '2025-11-22 06:34:32', NULL),
(2439, 471, 90, NULL, '2025-11-21', 'absent', 53, '', '2025-11-22 06:34:32', NULL),
(2440, 472, 90, NULL, '2025-11-21', 'absent', 53, '', '2025-11-22 06:34:32', NULL),
(2441, 473, 90, NULL, '2025-11-21', 'absent', 53, '', '2025-11-22 06:34:32', NULL),
(2442, 474, 90, NULL, '2025-11-21', 'present', 53, '', '2025-11-22 06:34:32', NULL),
(2443, 475, 90, NULL, '2025-11-21', 'present', 53, '', '2025-11-22 06:34:32', NULL),
(2444, 476, 90, NULL, '2025-11-21', 'present', 53, '', '2025-11-22 06:34:32', NULL),
(2445, 477, 90, NULL, '2025-11-21', 'present', 53, '', '2025-11-22 06:34:32', NULL),
(2446, 478, 90, NULL, '2025-11-21', 'present', 53, '', '2025-11-22 06:34:32', NULL),
(2447, 479, 90, NULL, '2025-11-21', 'present', 53, '', '2025-11-22 06:34:32', NULL),
(2448, 480, 90, NULL, '2025-11-21', 'present', 53, '', '2025-11-22 06:34:32', NULL),
(2449, 481, 90, NULL, '2025-11-21', 'present', 53, '', '2025-11-22 06:34:32', NULL),
(2450, 482, 90, NULL, '2025-11-21', 'present', 53, '', '2025-11-22 06:34:32', NULL),
(2451, 483, 90, NULL, '2025-11-21', 'present', 53, '', '2025-11-22 06:34:32', NULL),
(2452, 484, 90, NULL, '2025-11-21', 'present', 53, '', '2025-11-22 06:34:32', NULL),
(2453, 485, 90, NULL, '2025-11-21', 'present', 53, '', '2025-11-22 06:34:32', NULL),
(2454, 486, 90, NULL, '2025-11-21', 'present', 53, '', '2025-11-22 06:34:32', NULL),
(2455, 487, 90, NULL, '2025-11-21', 'present', 53, '', '2025-11-22 06:34:32', NULL),
(2456, 488, 90, NULL, '2025-11-21', 'present', 53, '', '2025-11-22 06:34:32', NULL),
(2457, 489, 90, NULL, '2025-11-21', 'present', 53, '', '2025-11-22 06:34:32', NULL),
(2458, 490, 90, NULL, '2025-11-21', 'present', 53, '', '2025-11-22 06:34:32', NULL),
(2459, 491, 90, NULL, '2025-11-21', 'present', 53, '', '2025-11-22 06:34:32', NULL),
(2460, 492, 90, NULL, '2025-11-21', 'present', 53, '', '2025-11-22 06:34:32', NULL),
(2461, 493, 90, NULL, '2025-11-21', 'present', 53, '', '2025-11-22 06:34:32', NULL),
(2462, 494, 90, NULL, '2025-11-21', 'present', 53, '', '2025-11-22 06:34:32', NULL),
(2463, 495, 90, NULL, '2025-11-21', 'present', 53, '', '2025-11-22 06:34:32', NULL),
(2464, 496, 90, NULL, '2025-11-21', 'present', 53, '', '2025-11-22 06:34:32', NULL),
(2465, 497, 90, NULL, '2025-11-21', 'present', 53, '', '2025-11-22 06:34:32', NULL),
(2466, 498, 90, NULL, '2025-11-21', 'present', 53, '', '2025-11-22 06:34:32', NULL),
(2467, 499, 90, NULL, '2025-11-21', 'present', 53, '', '2025-11-22 06:34:32', NULL),
(2468, 500, 90, NULL, '2025-11-21', 'present', 53, '', '2025-11-22 06:34:32', NULL),
(2469, 501, 90, NULL, '2025-11-21', 'present', 53, '', '2025-11-22 06:34:32', NULL),
(2470, 502, 90, NULL, '2025-11-21', 'present', 53, '', '2025-11-22 06:34:32', NULL),
(2471, 503, 90, NULL, '2025-11-21', 'present', 53, '', '2025-11-22 06:34:32', NULL),
(2472, 504, 90, NULL, '2025-11-21', 'present', 53, '', '2025-11-22 06:34:32', NULL),
(2473, 505, 90, NULL, '2025-11-21', 'present', 53, '', '2025-11-22 06:34:32', NULL),
(2474, 506, 90, NULL, '2025-11-21', 'present', 53, '', '2025-11-22 06:34:32', NULL),
(2475, 507, 90, NULL, '2025-11-21', 'present', 53, '', '2025-11-22 06:34:32', NULL),
(2476, 508, 90, NULL, '2025-11-21', 'absent', 53, '', '2025-11-22 06:34:32', NULL),
(2477, 509, 90, NULL, '2025-11-21', 'present', 53, '', '2025-11-22 06:34:32', NULL),
(2478, 510, 90, NULL, '2025-11-21', 'absent', 53, '', '2025-11-22 06:34:32', NULL),
(2479, 511, 90, NULL, '2025-11-21', 'present', 53, '', '2025-11-22 06:34:32', NULL),
(2480, 512, 90, NULL, '2025-11-21', 'present', 53, '', '2025-11-22 06:34:32', NULL),
(2481, 513, 90, NULL, '2025-11-21', 'present', 53, '', '2025-11-22 06:34:32', NULL),
(2482, 59, 90, NULL, '2025-11-22', 'present', 53, '', '2025-11-22 06:34:54', NULL),
(2483, 60, 90, NULL, '2025-11-22', 'absent', 53, '', '2025-11-22 06:34:54', NULL),
(2484, 61, 90, NULL, '2025-11-22', 'absent', 53, '', '2025-11-22 06:34:54', NULL),
(2485, 62, 90, NULL, '2025-11-22', 'absent', 53, '', '2025-11-22 06:34:54', NULL),
(2486, 63, 90, NULL, '2025-11-22', 'present', 53, '', '2025-11-22 06:34:54', NULL),
(2487, 451, 90, NULL, '2025-11-22', 'absent', 53, '', '2025-11-22 06:34:54', NULL),
(2488, 452, 90, NULL, '2025-11-22', 'absent', 53, '', '2025-11-22 06:34:54', NULL),
(2489, 453, 90, NULL, '2025-11-22', 'absent', 53, '', '2025-11-22 06:34:54', NULL),
(2490, 454, 90, NULL, '2025-11-22', 'absent', 53, '', '2025-11-22 06:34:54', NULL),
(2491, 455, 90, NULL, '2025-11-22', 'absent', 53, '', '2025-11-22 06:34:54', NULL),
(2492, 456, 90, NULL, '2025-11-22', 'absent', 53, '', '2025-11-22 06:34:54', NULL),
(2493, 457, 90, NULL, '2025-11-22', 'absent', 53, '', '2025-11-22 06:34:54', NULL),
(2494, 458, 90, NULL, '2025-11-22', 'present', 53, '', '2025-11-22 06:34:54', NULL),
(2495, 459, 90, NULL, '2025-11-22', 'absent', 53, '', '2025-11-22 06:34:54', NULL),
(2496, 460, 90, NULL, '2025-11-22', 'absent', 53, '', '2025-11-22 06:34:54', NULL),
(2497, 461, 90, NULL, '2025-11-22', 'absent', 53, '', '2025-11-22 06:34:54', NULL),
(2498, 462, 90, NULL, '2025-11-22', 'absent', 53, '', '2025-11-22 06:34:54', NULL),
(2499, 514, 90, NULL, '2025-11-22', 'present', 53, '', '2025-11-22 06:34:54', NULL),
(2500, 518, 90, NULL, '2025-11-22', 'absent', 53, '', '2025-11-22 06:34:54', NULL),
(2501, 467, 90, NULL, '2025-11-22', 'absent', 53, '', '2025-11-22 06:34:54', NULL),
(2502, 468, 90, NULL, '2025-11-22', 'absent', 53, '', '2025-11-22 06:34:54', NULL),
(2503, 469, 90, NULL, '2025-11-22', 'absent', 53, '', '2025-11-22 06:34:54', NULL),
(2504, 470, 90, NULL, '2025-11-22', 'absent', 53, '', '2025-11-22 06:34:54', NULL),
(2505, 471, 90, NULL, '2025-11-22', 'absent', 53, '', '2025-11-22 06:34:54', NULL),
(2506, 472, 90, NULL, '2025-11-22', 'absent', 53, '', '2025-11-22 06:34:54', NULL),
(2507, 473, 90, NULL, '2025-11-22', 'absent', 53, '', '2025-11-22 06:34:54', NULL),
(2508, 474, 90, NULL, '2025-11-22', 'absent', 53, '', '2025-11-22 06:34:54', NULL),
(2509, 475, 90, NULL, '2025-11-22', 'absent', 53, '', '2025-11-22 06:34:54', NULL),
(2510, 476, 90, NULL, '2025-11-22', 'absent', 53, '', '2025-11-22 06:34:54', NULL),
(2511, 477, 90, NULL, '2025-11-22', 'absent', 53, '', '2025-11-22 06:34:54', NULL),
(2512, 478, 90, NULL, '2025-11-22', 'absent', 53, '', '2025-11-22 06:34:54', NULL),
(2513, 479, 90, NULL, '2025-11-22', 'absent', 53, '', '2025-11-22 06:34:54', NULL),
(2514, 480, 90, NULL, '2025-11-22', 'absent', 53, '', '2025-11-22 06:34:54', NULL),
(2515, 481, 90, NULL, '2025-11-22', 'absent', 53, '', '2025-11-22 06:34:54', NULL),
(2516, 482, 90, NULL, '2025-11-22', 'absent', 53, '', '2025-11-22 06:34:54', NULL),
(2517, 483, 90, NULL, '2025-11-22', 'absent', 53, '', '2025-11-22 06:34:54', NULL),
(2518, 484, 90, NULL, '2025-11-22', 'absent', 53, '', '2025-11-22 06:34:54', NULL),
(2519, 485, 90, NULL, '2025-11-22', 'absent', 53, '', '2025-11-22 06:34:54', NULL),
(2520, 486, 90, NULL, '2025-11-22', 'absent', 53, '', '2025-11-22 06:34:54', NULL),
(2521, 487, 90, NULL, '2025-11-22', 'absent', 53, '', '2025-11-22 06:34:54', NULL),
(2522, 488, 90, NULL, '2025-11-22', 'absent', 53, '', '2025-11-22 06:34:54', NULL),
(2523, 489, 90, NULL, '2025-11-22', 'absent', 53, '', '2025-11-22 06:34:54', NULL),
(2524, 490, 90, NULL, '2025-11-22', 'absent', 53, '', '2025-11-22 06:34:54', NULL),
(2525, 491, 90, NULL, '2025-11-22', 'absent', 53, '', '2025-11-22 06:34:54', NULL),
(2526, 492, 90, NULL, '2025-11-22', 'absent', 53, '', '2025-11-22 06:34:54', NULL),
(2527, 493, 90, NULL, '2025-11-22', 'absent', 53, '', '2025-11-22 06:34:54', NULL),
(2528, 494, 90, NULL, '2025-11-22', 'absent', 53, '', '2025-11-22 06:34:54', NULL),
(2529, 495, 90, NULL, '2025-11-22', 'present', 53, '', '2025-11-22 06:34:54', NULL),
(2530, 496, 90, NULL, '2025-11-22', 'absent', 53, '', '2025-11-22 06:34:54', NULL),
(2531, 497, 90, NULL, '2025-11-22', 'absent', 53, '', '2025-11-22 06:34:54', NULL),
(2532, 498, 90, NULL, '2025-11-22', 'absent', 53, '', '2025-11-22 06:34:54', NULL),
(2533, 499, 90, NULL, '2025-11-22', 'absent', 53, '', '2025-11-22 06:34:54', NULL),
(2534, 500, 90, NULL, '2025-11-22', 'absent', 53, '', '2025-11-22 06:34:54', NULL),
(2535, 501, 90, NULL, '2025-11-22', 'absent', 53, '', '2025-11-22 06:34:54', NULL),
(2536, 502, 90, NULL, '2025-11-22', 'absent', 53, '', '2025-11-22 06:34:54', NULL),
(2537, 503, 90, NULL, '2025-11-22', 'absent', 53, '', '2025-11-22 06:34:54', NULL),
(2538, 504, 90, NULL, '2025-11-22', 'absent', 53, '', '2025-11-22 06:34:54', NULL),
(2539, 505, 90, NULL, '2025-11-22', 'absent', 53, '', '2025-11-22 06:34:54', NULL),
(2540, 506, 90, NULL, '2025-11-22', 'absent', 53, '', '2025-11-22 06:34:54', NULL),
(2541, 507, 90, NULL, '2025-11-22', 'absent', 53, '', '2025-11-22 06:34:54', NULL),
(2542, 508, 90, NULL, '2025-11-22', 'absent', 53, '', '2025-11-22 06:34:54', NULL),
(2543, 509, 90, NULL, '2025-11-22', 'absent', 53, '', '2025-11-22 06:34:54', NULL),
(2544, 510, 90, NULL, '2025-11-22', 'absent', 53, '', '2025-11-22 06:34:54', NULL),
(2545, 511, 90, NULL, '2025-11-22', 'absent', 53, '', '2025-11-22 06:34:54', NULL),
(2546, 512, 90, NULL, '2025-11-22', 'absent', 53, '', '2025-11-22 06:34:54', NULL),
(2547, 513, 90, NULL, '2025-11-22', 'absent', 53, '', '2025-11-22 06:34:54', NULL),
(2548, 135, 84, NULL, '2025-11-19', 'present', 53, '', '2025-11-22 06:35:12', NULL),
(2549, 136, 84, NULL, '2025-11-19', 'present', 53, '', '2025-11-22 06:35:12', NULL),
(2550, 137, 84, NULL, '2025-11-19', 'present', 53, '', '2025-11-22 06:35:12', NULL),
(2551, 138, 84, NULL, '2025-11-19', 'absent', 53, '', '2025-11-22 06:35:12', NULL),
(2552, 139, 84, NULL, '2025-11-19', 'present', 53, '', '2025-11-22 06:35:12', NULL),
(2553, 140, 84, NULL, '2025-11-19', 'present', 53, '', '2025-11-22 06:35:12', NULL),
(2554, 141, 84, NULL, '2025-11-19', 'present', 53, '', '2025-11-22 06:35:12', NULL),
(2555, 142, 84, NULL, '2025-11-19', 'absent', 53, '', '2025-11-22 06:35:12', NULL),
(2556, 143, 84, NULL, '2025-11-19', 'present', 53, '', '2025-11-22 06:35:12', NULL),
(2557, 144, 84, NULL, '2025-11-19', 'present', 53, '', '2025-11-22 06:35:12', NULL),
(2558, 145, 84, NULL, '2025-11-19', 'absent', 53, '', '2025-11-22 06:35:12', NULL),
(2559, 146, 84, NULL, '2025-11-19', 'present', 53, '', '2025-11-22 06:35:12', NULL),
(2560, 147, 84, NULL, '2025-11-19', 'present', 53, '', '2025-11-22 06:35:12', NULL),
(2561, 148, 84, NULL, '2025-11-19', 'present', 53, '', '2025-11-22 06:35:12', NULL),
(2562, 149, 84, NULL, '2025-11-19', 'present', 53, '', '2025-11-22 06:35:12', NULL),
(2563, 150, 84, NULL, '2025-11-19', 'present', 53, '', '2025-11-22 06:35:12', NULL),
(2564, 151, 84, NULL, '2025-11-19', 'present', 53, '', '2025-11-22 06:35:12', NULL),
(2565, 152, 84, NULL, '2025-11-19', 'present', 53, '', '2025-11-22 06:35:12', NULL),
(2566, 153, 84, NULL, '2025-11-19', 'present', 53, '', '2025-11-22 06:35:12', NULL),
(2567, 154, 84, NULL, '2025-11-19', 'present', 53, '', '2025-11-22 06:35:12', NULL),
(2568, 155, 84, NULL, '2025-11-19', 'present', 53, '', '2025-11-22 06:35:12', NULL),
(2569, 156, 84, NULL, '2025-11-19', 'present', 53, '', '2025-11-22 06:35:12', NULL),
(2570, 157, 84, NULL, '2025-11-19', 'present', 53, '', '2025-11-22 06:35:12', NULL),
(2571, 158, 84, NULL, '2025-11-19', 'present', 53, '', '2025-11-22 06:35:12', NULL),
(2572, 159, 84, NULL, '2025-11-19', 'present', 53, '', '2025-11-22 06:35:12', NULL),
(2573, 160, 84, NULL, '2025-11-19', 'present', 53, '', '2025-11-22 06:35:12', NULL),
(2574, 161, 84, NULL, '2025-11-19', 'present', 53, '', '2025-11-22 06:35:12', NULL),
(2575, 162, 84, NULL, '2025-11-19', 'present', 53, '', '2025-11-22 06:35:12', NULL),
(2576, 163, 84, NULL, '2025-11-19', 'present', 53, '', '2025-11-22 06:35:12', NULL),
(2577, 164, 84, NULL, '2025-11-19', 'present', 53, '', '2025-11-22 06:35:12', NULL),
(2578, 165, 84, NULL, '2025-11-19', 'present', 53, '', '2025-11-22 06:35:12', NULL),
(2579, 166, 84, NULL, '2025-11-19', 'present', 53, '', '2025-11-22 06:35:12', NULL),
(2580, 167, 84, NULL, '2025-11-19', 'present', 53, '', '2025-11-22 06:35:12', NULL),
(2581, 168, 84, NULL, '2025-11-19', 'present', 53, '', '2025-11-22 06:35:12', NULL),
(2582, 169, 84, NULL, '2025-11-19', 'present', 53, '', '2025-11-22 06:35:12', NULL),
(2583, 170, 84, NULL, '2025-11-19', 'present', 53, '', '2025-11-22 06:35:12', NULL),
(2584, 171, 84, NULL, '2025-11-19', 'present', 53, '', '2025-11-22 06:35:12', NULL),
(2585, 172, 84, NULL, '2025-11-19', 'present', 53, '', '2025-11-22 06:35:12', NULL),
(2586, 173, 84, NULL, '2025-11-19', 'present', 53, '', '2025-11-22 06:35:12', NULL),
(2587, 174, 84, NULL, '2025-11-19', 'present', 53, '', '2025-11-22 06:35:12', NULL),
(2588, 175, 84, NULL, '2025-11-19', 'present', 53, '', '2025-11-22 06:35:12', NULL),
(2589, 176, 84, NULL, '2025-11-19', 'present', 53, '', '2025-11-22 06:35:12', NULL),
(2590, 177, 84, NULL, '2025-11-19', 'present', 53, '', '2025-11-22 06:35:12', NULL),
(2591, 178, 84, NULL, '2025-11-19', 'present', 53, '', '2025-11-22 06:35:12', NULL),
(2592, 179, 84, NULL, '2025-11-19', 'present', 53, '', '2025-11-22 06:35:12', NULL),
(2593, 180, 84, NULL, '2025-11-19', 'present', 53, '', '2025-11-22 06:35:12', NULL),
(2594, 181, 84, NULL, '2025-11-19', 'present', 53, '', '2025-11-22 06:35:12', NULL),
(2595, 182, 84, NULL, '2025-11-19', 'present', 53, '', '2025-11-22 06:35:12', NULL),
(2596, 183, 84, NULL, '2025-11-19', 'present', 53, '', '2025-11-22 06:35:12', NULL),
(2597, 184, 84, NULL, '2025-11-19', 'present', 53, '', '2025-11-22 06:35:12', NULL),
(2598, 185, 84, NULL, '2025-11-19', 'present', 53, '', '2025-11-22 06:35:12', NULL),
(2599, 186, 84, NULL, '2025-11-19', 'present', 53, '', '2025-11-22 06:35:12', NULL),
(2600, 187, 84, NULL, '2025-11-19', 'present', 53, '', '2025-11-22 06:35:12', NULL),
(2601, 188, 84, NULL, '2025-11-19', 'present', 53, '', '2025-11-22 06:35:12', NULL),
(2602, 189, 84, NULL, '2025-11-19', 'present', 53, '', '2025-11-22 06:35:12', NULL),
(2603, 190, 84, NULL, '2025-11-19', 'present', 53, '', '2025-11-22 06:35:12', NULL),
(2604, 191, 84, NULL, '2025-11-19', 'present', 53, '', '2025-11-22 06:35:12', NULL),
(2605, 192, 84, NULL, '2025-11-19', 'present', 53, '', '2025-11-22 06:35:12', NULL),
(2606, 193, 84, NULL, '2025-11-19', 'present', 53, '', '2025-11-22 06:35:12', NULL),
(2607, 194, 84, NULL, '2025-11-19', 'present', 53, '', '2025-11-22 06:35:12', NULL),
(2608, 195, 84, NULL, '2025-11-19', 'present', 53, '', '2025-11-22 06:35:12', NULL),
(2609, 135, 84, NULL, '2025-11-20', 'present', 53, '', '2025-11-22 06:35:24', NULL),
(2610, 136, 84, NULL, '2025-11-20', 'absent', 53, '', '2025-11-22 06:35:24', NULL),
(2611, 137, 84, NULL, '2025-11-20', 'present', 53, '', '2025-11-22 06:35:24', NULL),
(2612, 138, 84, NULL, '2025-11-20', 'present', 53, '', '2025-11-22 06:35:24', NULL),
(2613, 139, 84, NULL, '2025-11-20', 'present', 53, '', '2025-11-22 06:35:24', NULL),
(2614, 140, 84, NULL, '2025-11-20', 'present', 53, '', '2025-11-22 06:35:24', NULL),
(2615, 141, 84, NULL, '2025-11-20', 'present', 53, '', '2025-11-22 06:35:24', NULL),
(2616, 142, 84, NULL, '2025-11-20', 'present', 53, '', '2025-11-22 06:35:24', NULL),
(2617, 143, 84, NULL, '2025-11-20', 'present', 53, '', '2025-11-22 06:35:24', NULL),
(2618, 144, 84, NULL, '2025-11-20', 'present', 53, '', '2025-11-22 06:35:24', NULL),
(2619, 145, 84, NULL, '2025-11-20', 'present', 53, '', '2025-11-22 06:35:24', NULL),
(2620, 146, 84, NULL, '2025-11-20', 'present', 53, '', '2025-11-22 06:35:24', NULL),
(2621, 147, 84, NULL, '2025-11-20', 'present', 53, '', '2025-11-22 06:35:24', NULL),
(2622, 148, 84, NULL, '2025-11-20', 'present', 53, '', '2025-11-22 06:35:24', NULL),
(2623, 149, 84, NULL, '2025-11-20', 'present', 53, '', '2025-11-22 06:35:24', NULL),
(2624, 150, 84, NULL, '2025-11-20', 'present', 53, '', '2025-11-22 06:35:24', NULL),
(2625, 151, 84, NULL, '2025-11-20', 'present', 53, '', '2025-11-22 06:35:24', NULL),
(2626, 152, 84, NULL, '2025-11-20', 'present', 53, '', '2025-11-22 06:35:24', NULL),
(2627, 153, 84, NULL, '2025-11-20', 'present', 53, '', '2025-11-22 06:35:24', NULL),
(2628, 154, 84, NULL, '2025-11-20', 'present', 53, '', '2025-11-22 06:35:24', NULL),
(2629, 155, 84, NULL, '2025-11-20', 'present', 53, '', '2025-11-22 06:35:24', NULL),
(2630, 156, 84, NULL, '2025-11-20', 'present', 53, '', '2025-11-22 06:35:24', NULL),
(2631, 157, 84, NULL, '2025-11-20', 'present', 53, '', '2025-11-22 06:35:24', NULL),
(2632, 158, 84, NULL, '2025-11-20', 'present', 53, '', '2025-11-22 06:35:24', NULL),
(2633, 159, 84, NULL, '2025-11-20', 'present', 53, '', '2025-11-22 06:35:24', NULL),
(2634, 160, 84, NULL, '2025-11-20', 'present', 53, '', '2025-11-22 06:35:24', NULL),
(2635, 161, 84, NULL, '2025-11-20', 'present', 53, '', '2025-11-22 06:35:24', NULL),
(2636, 162, 84, NULL, '2025-11-20', 'present', 53, '', '2025-11-22 06:35:24', NULL),
(2637, 163, 84, NULL, '2025-11-20', 'present', 53, '', '2025-11-22 06:35:24', NULL),
(2638, 164, 84, NULL, '2025-11-20', 'present', 53, '', '2025-11-22 06:35:24', NULL),
(2639, 165, 84, NULL, '2025-11-20', 'present', 53, '', '2025-11-22 06:35:24', NULL),
(2640, 166, 84, NULL, '2025-11-20', 'present', 53, '', '2025-11-22 06:35:24', NULL),
(2641, 167, 84, NULL, '2025-11-20', 'present', 53, '', '2025-11-22 06:35:24', NULL),
(2642, 168, 84, NULL, '2025-11-20', 'present', 53, '', '2025-11-22 06:35:24', NULL),
(2643, 169, 84, NULL, '2025-11-20', 'present', 53, '', '2025-11-22 06:35:24', NULL),
(2644, 170, 84, NULL, '2025-11-20', 'present', 53, '', '2025-11-22 06:35:24', NULL),
(2645, 171, 84, NULL, '2025-11-20', 'present', 53, '', '2025-11-22 06:35:24', NULL),
(2646, 172, 84, NULL, '2025-11-20', 'present', 53, '', '2025-11-22 06:35:24', NULL),
(2647, 173, 84, NULL, '2025-11-20', 'present', 53, '', '2025-11-22 06:35:24', NULL),
(2648, 174, 84, NULL, '2025-11-20', 'present', 53, '', '2025-11-22 06:35:24', NULL),
(2649, 175, 84, NULL, '2025-11-20', 'present', 53, '', '2025-11-22 06:35:24', NULL),
(2650, 176, 84, NULL, '2025-11-20', 'present', 53, '', '2025-11-22 06:35:24', NULL),
(2651, 177, 84, NULL, '2025-11-20', 'present', 53, '', '2025-11-22 06:35:24', NULL),
(2652, 178, 84, NULL, '2025-11-20', 'present', 53, '', '2025-11-22 06:35:24', NULL),
(2653, 179, 84, NULL, '2025-11-20', 'present', 53, '', '2025-11-22 06:35:24', NULL),
(2654, 180, 84, NULL, '2025-11-20', 'present', 53, '', '2025-11-22 06:35:24', NULL),
(2655, 181, 84, NULL, '2025-11-20', 'present', 53, '', '2025-11-22 06:35:24', NULL),
(2656, 182, 84, NULL, '2025-11-20', 'present', 53, '', '2025-11-22 06:35:24', NULL),
(2657, 183, 84, NULL, '2025-11-20', 'present', 53, '', '2025-11-22 06:35:24', NULL),
(2658, 184, 84, NULL, '2025-11-20', 'present', 53, '', '2025-11-22 06:35:24', NULL),
(2659, 185, 84, NULL, '2025-11-20', 'present', 53, '', '2025-11-22 06:35:24', NULL),
(2660, 186, 84, NULL, '2025-11-20', 'present', 53, '', '2025-11-22 06:35:24', NULL),
(2661, 187, 84, NULL, '2025-11-20', 'present', 53, '', '2025-11-22 06:35:24', NULL),
(2662, 188, 84, NULL, '2025-11-20', 'present', 53, '', '2025-11-22 06:35:24', NULL),
(2663, 189, 84, NULL, '2025-11-20', 'present', 53, '', '2025-11-22 06:35:24', NULL),
(2664, 190, 84, NULL, '2025-11-20', 'present', 53, '', '2025-11-22 06:35:24', NULL),
(2665, 191, 84, NULL, '2025-11-20', 'present', 53, '', '2025-11-22 06:35:24', NULL),
(2666, 192, 84, NULL, '2025-11-20', 'absent', 53, '', '2025-11-22 06:35:24', NULL),
(2667, 193, 84, NULL, '2025-11-20', 'present', 53, '', '2025-11-22 06:35:24', NULL),
(2668, 194, 84, NULL, '2025-11-20', 'present', 53, '', '2025-11-22 06:35:24', NULL),
(2669, 195, 84, NULL, '2025-11-20', 'absent', 53, '', '2025-11-22 06:35:24', NULL),
(2670, 135, 84, NULL, '2025-11-21', 'absent', 53, '', '2025-11-22 06:35:43', NULL),
(2671, 136, 84, NULL, '2025-11-21', 'present', 53, '', '2025-11-22 06:35:43', NULL),
(2672, 137, 84, NULL, '2025-11-21', 'absent', 53, '', '2025-11-22 06:35:43', NULL),
(2673, 138, 84, NULL, '2025-11-21', 'absent', 53, '', '2025-11-22 06:35:43', NULL),
(2674, 139, 84, NULL, '2025-11-21', 'absent', 53, '', '2025-11-22 06:35:43', NULL),
(2675, 140, 84, NULL, '2025-11-21', 'present', 53, '', '2025-11-22 06:35:43', NULL),
(2676, 141, 84, NULL, '2025-11-21', 'absent', 53, '', '2025-11-22 06:35:43', NULL),
(2677, 142, 84, NULL, '2025-11-21', 'absent', 53, '', '2025-11-22 06:35:43', NULL),
(2678, 143, 84, NULL, '2025-11-21', 'present', 53, '', '2025-11-22 06:35:43', NULL),
(2679, 144, 84, NULL, '2025-11-21', 'absent', 53, '', '2025-11-22 06:35:43', NULL),
(2680, 145, 84, NULL, '2025-11-21', 'absent', 53, '', '2025-11-22 06:35:43', NULL),
(2681, 146, 84, NULL, '2025-11-21', 'present', 53, '', '2025-11-22 06:35:43', NULL),
(2682, 147, 84, NULL, '2025-11-21', 'absent', 53, '', '2025-11-22 06:35:43', NULL),
(2683, 148, 84, NULL, '2025-11-21', 'absent', 53, '', '2025-11-22 06:35:43', NULL),
(2684, 149, 84, NULL, '2025-11-21', 'absent', 53, '', '2025-11-22 06:35:43', NULL),
(2685, 150, 84, NULL, '2025-11-21', 'present', 53, '', '2025-11-22 06:35:43', NULL),
(2686, 151, 84, NULL, '2025-11-21', 'absent', 53, '', '2025-11-22 06:35:43', NULL),
(2687, 152, 84, NULL, '2025-11-21', 'absent', 53, '', '2025-11-22 06:35:43', NULL),
(2688, 153, 84, NULL, '2025-11-21', 'present', 53, '', '2025-11-22 06:35:43', NULL),
(2689, 154, 84, NULL, '2025-11-21', 'absent', 53, '', '2025-11-22 06:35:43', NULL),
(2690, 155, 84, NULL, '2025-11-21', 'absent', 53, '', '2025-11-22 06:35:43', NULL),
(2691, 156, 84, NULL, '2025-11-21', 'absent', 53, '', '2025-11-22 06:35:43', NULL),
(2692, 157, 84, NULL, '2025-11-21', 'absent', 53, '', '2025-11-22 06:35:43', NULL),
(2693, 158, 84, NULL, '2025-11-21', 'absent', 53, '', '2025-11-22 06:35:43', NULL),
(2694, 159, 84, NULL, '2025-11-21', 'absent', 53, '', '2025-11-22 06:35:43', NULL),
(2695, 160, 84, NULL, '2025-11-21', 'absent', 53, '', '2025-11-22 06:35:43', NULL),
(2696, 161, 84, NULL, '2025-11-21', 'absent', 53, '', '2025-11-22 06:35:43', NULL),
(2697, 162, 84, NULL, '2025-11-21', 'absent', 53, '', '2025-11-22 06:35:43', NULL),
(2698, 163, 84, NULL, '2025-11-21', 'absent', 53, '', '2025-11-22 06:35:43', NULL),
(2699, 164, 84, NULL, '2025-11-21', 'absent', 53, '', '2025-11-22 06:35:43', NULL),
(2700, 165, 84, NULL, '2025-11-21', 'absent', 53, '', '2025-11-22 06:35:43', NULL),
(2701, 166, 84, NULL, '2025-11-21', 'absent', 53, '', '2025-11-22 06:35:43', NULL),
(2702, 167, 84, NULL, '2025-11-21', 'absent', 53, '', '2025-11-22 06:35:43', NULL),
(2703, 168, 84, NULL, '2025-11-21', 'absent', 53, '', '2025-11-22 06:35:43', NULL),
(2704, 169, 84, NULL, '2025-11-21', 'absent', 53, '', '2025-11-22 06:35:43', NULL),
(2705, 170, 84, NULL, '2025-11-21', 'absent', 53, '', '2025-11-22 06:35:43', NULL),
(2706, 171, 84, NULL, '2025-11-21', 'absent', 53, '', '2025-11-22 06:35:43', NULL),
(2707, 172, 84, NULL, '2025-11-21', 'absent', 53, '', '2025-11-22 06:35:43', NULL),
(2708, 173, 84, NULL, '2025-11-21', 'absent', 53, '', '2025-11-22 06:35:43', NULL),
(2709, 174, 84, NULL, '2025-11-21', 'absent', 53, '', '2025-11-22 06:35:43', NULL),
(2710, 175, 84, NULL, '2025-11-21', 'absent', 53, '', '2025-11-22 06:35:43', NULL),
(2711, 176, 84, NULL, '2025-11-21', 'absent', 53, '', '2025-11-22 06:35:43', NULL),
(2712, 177, 84, NULL, '2025-11-21', 'absent', 53, '', '2025-11-22 06:35:43', NULL),
(2713, 178, 84, NULL, '2025-11-21', 'absent', 53, '', '2025-11-22 06:35:43', NULL),
(2714, 179, 84, NULL, '2025-11-21', 'absent', 53, '', '2025-11-22 06:35:43', NULL),
(2715, 180, 84, NULL, '2025-11-21', 'absent', 53, '', '2025-11-22 06:35:43', NULL),
(2716, 181, 84, NULL, '2025-11-21', 'absent', 53, '', '2025-11-22 06:35:43', NULL),
(2717, 182, 84, NULL, '2025-11-21', 'absent', 53, '', '2025-11-22 06:35:43', NULL),
(2718, 183, 84, NULL, '2025-11-21', 'absent', 53, '', '2025-11-22 06:35:43', NULL),
(2719, 184, 84, NULL, '2025-11-21', 'absent', 53, '', '2025-11-22 06:35:43', NULL),
(2720, 185, 84, NULL, '2025-11-21', 'absent', 53, '', '2025-11-22 06:35:43', NULL),
(2721, 186, 84, NULL, '2025-11-21', 'absent', 53, '', '2025-11-22 06:35:43', NULL),
(2722, 187, 84, NULL, '2025-11-21', 'absent', 53, '', '2025-11-22 06:35:43', NULL),
(2723, 188, 84, NULL, '2025-11-21', 'absent', 53, '', '2025-11-22 06:35:43', NULL),
(2724, 189, 84, NULL, '2025-11-21', 'absent', 53, '', '2025-11-22 06:35:43', NULL),
(2725, 190, 84, NULL, '2025-11-21', 'absent', 53, '', '2025-11-22 06:35:43', NULL),
(2726, 191, 84, NULL, '2025-11-21', 'absent', 53, '', '2025-11-22 06:35:43', NULL),
(2727, 192, 84, NULL, '2025-11-21', 'absent', 53, '', '2025-11-22 06:35:43', NULL),
(2728, 193, 84, NULL, '2025-11-21', 'absent', 53, '', '2025-11-22 06:35:43', NULL),
(2729, 194, 84, NULL, '2025-11-21', 'absent', 53, '', '2025-11-22 06:35:43', NULL),
(2730, 195, 84, NULL, '2025-11-21', 'absent', 53, '', '2025-11-22 06:35:43', NULL),
(2731, 135, 84, NULL, '2025-11-22', 'present', 53, '', '2025-11-22 06:35:55', NULL),
(2732, 136, 84, NULL, '2025-11-22', 'absent', 53, '', '2025-11-22 06:35:55', NULL),
(2733, 137, 84, NULL, '2025-11-22', 'present', 53, '', '2025-11-22 06:35:55', NULL),
(2734, 138, 84, NULL, '2025-11-22', 'present', 53, '', '2025-11-22 06:35:55', NULL),
(2735, 139, 84, NULL, '2025-11-22', 'present', 53, '', '2025-11-22 06:35:55', NULL),
(2736, 140, 84, NULL, '2025-11-22', 'present', 53, '', '2025-11-22 06:35:55', NULL),
(2737, 141, 84, NULL, '2025-11-22', 'present', 53, '', '2025-11-22 06:35:55', NULL),
(2738, 142, 84, NULL, '2025-11-22', 'present', 53, '', '2025-11-22 06:35:55', NULL),
(2739, 143, 84, NULL, '2025-11-22', 'present', 53, '', '2025-11-22 06:35:55', NULL),
(2740, 144, 84, NULL, '2025-11-22', 'present', 53, '', '2025-11-22 06:35:55', NULL),
(2741, 145, 84, NULL, '2025-11-22', 'present', 53, '', '2025-11-22 06:35:55', NULL),
(2742, 146, 84, NULL, '2025-11-22', 'present', 53, '', '2025-11-22 06:35:55', NULL),
(2743, 147, 84, NULL, '2025-11-22', 'present', 53, '', '2025-11-22 06:35:55', NULL),
(2744, 148, 84, NULL, '2025-11-22', 'present', 53, '', '2025-11-22 06:35:55', NULL),
(2745, 149, 84, NULL, '2025-11-22', 'present', 53, '', '2025-11-22 06:35:55', NULL),
(2746, 150, 84, NULL, '2025-11-22', 'present', 53, '', '2025-11-22 06:35:55', NULL),
(2747, 151, 84, NULL, '2025-11-22', 'present', 53, '', '2025-11-22 06:35:55', NULL),
(2748, 152, 84, NULL, '2025-11-22', 'present', 53, '', '2025-11-22 06:35:55', NULL),
(2749, 153, 84, NULL, '2025-11-22', 'present', 53, '', '2025-11-22 06:35:55', NULL),
(2750, 154, 84, NULL, '2025-11-22', 'present', 53, '', '2025-11-22 06:35:55', NULL),
(2751, 155, 84, NULL, '2025-11-22', 'present', 53, '', '2025-11-22 06:35:55', NULL),
(2752, 156, 84, NULL, '2025-11-22', 'present', 53, '', '2025-11-22 06:35:55', NULL),
(2753, 157, 84, NULL, '2025-11-22', 'present', 53, '', '2025-11-22 06:35:55', NULL),
(2754, 158, 84, NULL, '2025-11-22', 'present', 53, '', '2025-11-22 06:35:55', NULL),
(2755, 159, 84, NULL, '2025-11-22', 'present', 53, '', '2025-11-22 06:35:55', NULL),
(2756, 160, 84, NULL, '2025-11-22', 'present', 53, '', '2025-11-22 06:35:55', NULL),
(2757, 161, 84, NULL, '2025-11-22', 'present', 53, '', '2025-11-22 06:35:55', NULL),
(2758, 162, 84, NULL, '2025-11-22', 'present', 53, '', '2025-11-22 06:35:55', NULL),
(2759, 163, 84, NULL, '2025-11-22', 'present', 53, '', '2025-11-22 06:35:55', NULL),
(2760, 164, 84, NULL, '2025-11-22', 'present', 53, '', '2025-11-22 06:35:55', NULL),
(2761, 165, 84, NULL, '2025-11-22', 'present', 53, '', '2025-11-22 06:35:55', NULL),
(2762, 166, 84, NULL, '2025-11-22', 'present', 53, '', '2025-11-22 06:35:55', NULL),
(2763, 167, 84, NULL, '2025-11-22', 'present', 53, '', '2025-11-22 06:35:55', NULL),
(2764, 168, 84, NULL, '2025-11-22', 'present', 53, '', '2025-11-22 06:35:55', NULL),
(2765, 169, 84, NULL, '2025-11-22', 'present', 53, '', '2025-11-22 06:35:55', NULL),
(2766, 170, 84, NULL, '2025-11-22', 'present', 53, '', '2025-11-22 06:35:55', NULL),
(2767, 171, 84, NULL, '2025-11-22', 'present', 53, '', '2025-11-22 06:35:55', NULL),
(2768, 172, 84, NULL, '2025-11-22', 'present', 53, '', '2025-11-22 06:35:55', NULL),
(2769, 173, 84, NULL, '2025-11-22', 'present', 53, '', '2025-11-22 06:35:55', NULL);
INSERT INTO `student_attendance` (`id`, `student_id`, `class_id`, `subject_id`, `attendance_date`, `status`, `marked_by`, `remarks`, `marked_at`, `teacher_id`) VALUES
(2770, 174, 84, NULL, '2025-11-22', 'present', 53, '', '2025-11-22 06:35:55', NULL),
(2771, 175, 84, NULL, '2025-11-22', 'present', 53, '', '2025-11-22 06:35:55', NULL),
(2772, 176, 84, NULL, '2025-11-22', 'present', 53, '', '2025-11-22 06:35:55', NULL),
(2773, 177, 84, NULL, '2025-11-22', 'present', 53, '', '2025-11-22 06:35:55', NULL),
(2774, 178, 84, NULL, '2025-11-22', 'present', 53, '', '2025-11-22 06:35:55', NULL),
(2775, 179, 84, NULL, '2025-11-22', 'present', 53, '', '2025-11-22 06:35:55', NULL),
(2776, 180, 84, NULL, '2025-11-22', 'present', 53, '', '2025-11-22 06:35:55', NULL),
(2777, 181, 84, NULL, '2025-11-22', 'present', 53, '', '2025-11-22 06:35:55', NULL),
(2778, 182, 84, NULL, '2025-11-22', 'absent', 53, '', '2025-11-22 06:35:55', NULL),
(2779, 183, 84, NULL, '2025-11-22', 'present', 53, '', '2025-11-22 06:35:55', NULL),
(2780, 184, 84, NULL, '2025-11-22', 'present', 53, '', '2025-11-22 06:35:55', NULL),
(2781, 185, 84, NULL, '2025-11-22', 'present', 53, '', '2025-11-22 06:35:55', NULL),
(2782, 186, 84, NULL, '2025-11-22', 'present', 53, '', '2025-11-22 06:35:55', NULL),
(2783, 187, 84, NULL, '2025-11-22', 'present', 53, '', '2025-11-22 06:35:55', NULL),
(2784, 188, 84, NULL, '2025-11-22', 'present', 53, '', '2025-11-22 06:35:55', NULL),
(2785, 189, 84, NULL, '2025-11-22', 'present', 53, '', '2025-11-22 06:35:55', NULL),
(2786, 190, 84, NULL, '2025-11-22', 'present', 53, '', '2025-11-22 06:35:55', NULL),
(2787, 191, 84, NULL, '2025-11-22', 'present', 53, '', '2025-11-22 06:35:55', NULL),
(2788, 192, 84, NULL, '2025-11-22', 'present', 53, '', '2025-11-22 06:35:55', NULL),
(2789, 193, 84, NULL, '2025-11-22', 'present', 53, '', '2025-11-22 06:35:55', NULL),
(2790, 194, 84, NULL, '2025-11-22', 'present', 53, '', '2025-11-22 06:35:55', NULL),
(2791, 195, 84, NULL, '2025-11-22', 'present', 53, '', '2025-11-22 06:35:55', NULL);

-- --------------------------------------------------------

--
-- Table structure for table `student_notifications`
--

CREATE TABLE `student_notifications` (
  `id` int(11) NOT NULL,
  `student_id` int(11) NOT NULL,
  `teacher_id` int(11) NOT NULL,
  `class_id` int(11) NOT NULL,
  `message` text NOT NULL,
  `notification_date` date NOT NULL,
  `is_read` tinyint(1) DEFAULT 0,
  `created_at` timestamp NOT NULL DEFAULT current_timestamp()
) ENGINE=InnoDB DEFAULT CHARSET=utf8mb4 COLLATE=utf8mb4_general_ci;

-- --------------------------------------------------------

--
-- Table structure for table `subjects`
--

CREATE TABLE `subjects` (
  `id` int(11) NOT NULL,
  `subject_name` varchar(100) NOT NULL,
  `subject_code` varchar(20) NOT NULL,
  `department_id` int(11) NOT NULL,
  `semester` int(11) NOT NULL,
  `created_at` timestamp NOT NULL DEFAULT current_timestamp()
) ENGINE=InnoDB DEFAULT CHARSET=utf8mb4 COLLATE=utf8mb4_general_ci;

-- --------------------------------------------------------

--
-- Table structure for table `teacher_assignments`
--

CREATE TABLE `teacher_assignments` (
  `id` int(11) NOT NULL,
  `teacher_id` int(11) NOT NULL,
  `class_id` int(11) NOT NULL,
  `subject_id` int(11) DEFAULT NULL,
  `academic_year` varchar(10) NOT NULL,
  `created_at` timestamp NOT NULL DEFAULT current_timestamp()
) ENGINE=InnoDB DEFAULT CHARSET=utf8mb4 COLLATE=utf8mb4_general_ci;

-- --------------------------------------------------------

--
-- Table structure for table `users`
--

CREATE TABLE `users` (
  `id` int(11) NOT NULL,
  `username` varchar(50) NOT NULL,
  `password` varchar(255) NOT NULL,
  `full_name` varchar(100) NOT NULL,
  `email` varchar(100) NOT NULL,
  `phone` varchar(15) DEFAULT NULL,
  `photo` varchar(255) DEFAULT NULL,
  `role` enum('admin','hod','teacher') NOT NULL,
  `department_id` int(11) DEFAULT NULL,
  `is_active` tinyint(1) DEFAULT 1,
  `created_at` timestamp NOT NULL DEFAULT current_timestamp()
) ENGINE=InnoDB DEFAULT CHARSET=utf8mb4 COLLATE=utf8mb4_general_ci;

--
-- Dumping data for table `users`
--

INSERT INTO `users` (`id`, `username`, `password`, `full_name`, `email`, `phone`, `photo`, `role`, `department_id`, `is_active`, `created_at`) VALUES
(1, 'admin', '$2y$10$92IXUNpkjO0rOQ5byMi.Ye4oKoEa3Ro9llC/.og/at2.uheWG/igi', 'System Admin', 'admin@nitcollege.edu', NULL, NULL, 'admin', NULL, 1, '2025-11-15 17:17:27'),
(15, 'hod_firstyear', '$2y$10$6yLpaDjkGNbt.GfA1oqsCOH6ppRcHYDuS.mA4lQJKWigKJmo58JEW', 'Dr. Jitendra Bhaiswar', 'jbbhaiswar@nit.edu.in', '8007673735', 'hod_15_1763297436.jpg', 'hod', 4, 1, '2025-11-14 14:37:59'),
(22, 'dhiraj', '$2y$10$Ze0r.7KC46rVhJVVN8wk6OUwoNSvORnne24edbTL59tLQZb2JgKku', 'Mr. Dhiraj Meghe', 'dpmeghe@nit.edu.in', '9923329483', 'uploads/photos/teacher_22_692014ddf0aa3.png', 'teacher', 4, 1, '2025-11-14 15:41:41'),
(23, 'prashant', '$2y$10$0dNZ5mQ99dug1BzT5MfYmusAZ7eZoxw8qeQxqNaAdd3sQWbmHEiIy', 'Mr. Prashant Dange', 'pddange@nit.edu.in', '9881244183', 'uploads/photos/teacher_23_692037276b76f.png', 'teacher', 4, 1, '2025-11-14 15:43:09'),
(24, 'sonika', '$2y$10$WpsS2zF96r8VPZSX2hJBiuRd4dkCZnI7Iq8SFuFO4PRxO9XO6b9o.', 'Dr. (Mrs.) Sonika Kochhar', 'srkochhar@nit.edu.in', '9011856565', 'uploads/photos/teacher_24_692000eb5f032.jpeg', 'teacher', 4, 1, '2025-11-14 15:44:05'),
(25, 'mona', '$2y$10$b8c4CvKSl9T6X/CWJJgOAeWYpPMM3catfyCKUg0fbODHyVuuJKmHm', 'Mrs. Mona Dange', 'mpdange@nit.edu.in', '9850064955', 'uploads/photos/teacher_25_692037ead9ec0.png', 'teacher', 4, 1, '2025-11-14 15:44:51'),
(26, 'mohammad', '$2y$10$A7gHHDc7NbFPeaTpVI8yheGWuIOc08FyLTx4Rw29cEPNu6OGSKVnS', 'Dr. Mohammad Sabir', 'mmsabir@nit.edu.in', '9850671525', 'uploads/photos/teacher_26_69200183669e7.png', 'teacher', 4, 1, '2025-11-14 15:46:29'),
(27, 'ayaz', '$2y$10$YSvi.gbLlHZRo3MHTxzb8OurKmBDgF.VTRiBxEvQGxl99qZppv45.', 'Mr. Ayaz Sheikh', 'sheikhayaz@nit.edu.in', '9834804020', 'uploads/photos/teacher_27_692001c4ba873.jpeg', 'teacher', 4, 1, '2025-11-14 15:48:28'),
(28, 'rachna', '$2y$10$ahSWAy3962Irvc/Z9wZHe.FyNnwB7kWBScWgisCyZQh79dWg0OeCi', 'Mrs Rachna Daga', 'dagarachna@nit.edu.in', '8766775204', 'uploads/photos/teacher_28_692037c96a7cb.png', 'teacher', 4, 1, '2025-11-15 04:10:48'),
(29, 'pournima', '$2y$10$afTCC9P36Sbz9BWPgGw4gOG8OxSUY3taGMEETUoPBHm5UFC/m92AC', 'Ms. Pournima Bhuyar', 'bhuyarpournima@nit.edu.in', '8668573942', 'uploads/photos/teacher_29_6920385ad12a3.png', 'teacher', 4, 1, '2025-11-15 04:12:17'),
(34, 'harshal', '$2y$10$89cEXEb1OnetcxtZw4XiAOxGe42EkgnkWMBtDrfWyOmSWxKOSO04a', 'Mr. Harshal Ghatole', 'ghatoleharshal@nit.edu.in', '8390601774', 'uploads/photos/teacher_34_692036ce18e5d.jpeg', 'teacher', 4, 1, '2025-11-15 04:20:16'),
(35, 'samrat', '$2y$10$/tedtmlrQawAQOKojUw3GOa4bpCBwWdqqwT5JqRATVe8W76jG1hsa', 'Mr. Samrat Kavishwar', 'smkavishwar@nit.edu.in', '9834095486', 'uploads/photos/teacher_35_692037944a735.png', 'teacher', 4, 1, '2025-11-15 04:21:37'),
(36, 'amit', '$2y$10$NK69bVfkAg6Az06jaC8JoeBfipTO7MZ7iPBhSqQJweK2MW/8Kj6ma', 'Dr. Amit Kharwade', 'amkharwade@nit.edu.in', '7972641522', 'uploads/photos/teacher_36_69203681501e9.png', 'teacher', 4, 1, '2025-11-15 04:22:44'),
(37, 'abdul', '$2y$10$s/KO8W4qRPA6H.Ep/1/cdObGm1ZRFXGJGixKRkRJqu6ZH03KV9WTW', 'Dr. Abdul Ghaffar', 'abdulghaffar@nit.edu.in', '9881047800', 'uploads/photos/teacher_37_692014af0deee.png', 'teacher', 4, 1, '2025-11-15 04:23:43'),
(38, 'ghufran', '$2y$10$ClODYHjrw4Z2KKq62AJgpuiR1Zo.ZlBOKhsrRP2y6Vj2UNrMNdYcS', 'Mr. Ghufran Ahmad Khan', 'khangurfan@nit.edu.in', '8999941317', 'uploads/photos/teacher_38_692015186812e.png', 'teacher', 4, 1, '2025-11-15 04:26:03'),
(39, 'rohan', '$2y$10$r3ZEWCxeoUvuyh83CN3ECOwbiJUw/.BTufBMq4Vw3PBUi8XGJow3m', 'Mr. Rohan Deshmukh', 'deshmukhrohan@nit.edu.in', '9370594377', 'uploads/photos/teacher_39_6920375b11661.png', 'teacher', 4, 1, '2025-11-15 04:37:47'),
(40, 'rahul', '$2y$10$5Fs.KkxPsaNYIFUV39Qpb.S3P5gX5e98naqhnmq6jLnxs6O0PBJN2', 'Mr. Rahul Kadam', 'rrkadam@nit.edu.in', '8806309018', 'uploads/photos/teacher_40_6920159701612.png', 'teacher', 4, 1, '2025-11-15 04:45:36'),
(51, 'meghna', '$2y$10$6WQmppVpqB5e/u0TF8.foeq2NiZB9N3LRtKed17WsFsGLt6fGbWX6', 'Dr. (Mrs.) Meghna Jumde ', 'mhjumde@nit.edu.in', '9511664867', 'uploads/photos/teacher_51_691b2fc68de3f.jpeg', 'teacher', 4, 1, '2025-11-16 09:09:17'),
(52, 'vidya', '$2y$10$zTFFA0lX.pxnBwhbu8RqKuSvKCaeexolC.g5lFQewYQpW/mfgDOai', 'Ms. Vidya Raut', 'rautvidya@nit.edu.in', '9890701053', 'uploads/teachers/teacher_1763372594_691aee324fdb4.jpeg', 'teacher', 4, 1, '2025-11-17 09:43:14'),
(53, 'hitaishi', '$2y$10$qG6fQFtWH3GKcjeuWSNwNum4GqySankNNfQeYP0iGRMeL7R2Gy9ga', 'Ms. Hitaishi Chauhan', 'chauhanhitaishi@nit.edu.in', '7821949253', 'uploads/teachers/teacher_1763373074_691af0128ffb3.jpeg', 'teacher', 4, 1, '2025-11-17 09:51:14'),
(54, 'aayushi', '$2y$10$IG.ca5zcoZmRb.H1/r.MFuUgVzRD37f.gpazw4ah.DkDxWdhqreKG', 'Ms. Aayushi Sharma', 'sharmaaayushi@nit.edu.in', '9589344599', 'uploads/teachers/teacher_1763373261_691af0cdc222e.png', 'teacher', 4, 1, '2025-11-17 09:54:21'),
(55, 'tushar', '$2y$10$yQ5JL5gMZ78HhUTG1bmao.1pwiQT2QTJBw82L6S7G7ha.oLjDICAq', 'Mr. Tushar Shelke', 'tvshelke@nit.edu.in', '9970935793', 'uploads/teachers/teacher_1763378190_691b040ea1b8a.jpeg', 'teacher', 4, 1, '2025-11-17 11:16:30'),
(57, 'divya', '$2y$10$xbV/qaZvXSDIOFN.HPg1p.38JST53/ccnpzkDfuplj5XnALAFX4G6', 'Ms. Divya Lande', 'landedivya@nit.edu.in', '8806569892', 'uploads/photos/teacher_57_6920381997c1d.png', 'teacher', 4, 1, '2025-11-17 12:54:29'),
(59, 'jitendra', '$2y$10$0JgTPGWOqXhemUnVwkKPRueN6xJ3ki5p8JWQcRbQwdNERB23BZa86', 'Dr. jitendrabhaiswar', 'jbhaiswar@nit.edu.in', '8007673734', 'uploads/photos/teacher_59_69200126e20a6.png', 'teacher', 4, 1, '2025-11-17 17:02:56');

-- --------------------------------------------------------

--
-- Stand-in structure for view `v_class_student_count`
-- (See below for the actual view)
--
CREATE TABLE `v_class_student_count` (
`class_id` int(11)
,`class_name` varchar(100)
,`dept_name` varchar(100)
,`year` int(11)
,`section` varchar(10)
,`semester` int(11)
,`academic_year` varchar(20)
,`teacher_name` varchar(100)
,`student_count` bigint(21)
);

-- --------------------------------------------------------

--
-- Stand-in structure for view `v_student_details`
-- (See below for the actual view)
--
CREATE TABLE `v_student_details` (
`id` int(11)
,`roll_number` varchar(50)
,`full_name` varchar(100)
,`email` varchar(100)
,`phone` varchar(15)
,`dept_name` varchar(100)
,`class_name` varchar(100)
,`year` int(11)
,`semester` int(11)
,`admission_year` varchar(10)
,`is_active` tinyint(1)
);

-- --------------------------------------------------------

--
-- Stand-in structure for view `v_today_attendance`
-- (See below for the actual view)
--
CREATE TABLE `v_today_attendance` (
`id` int(11)
,`roll_number` varchar(50)
,`student_name` varchar(100)
,`class_name` varchar(100)
,`dept_name` varchar(100)
,`status` enum('present','absent','late')
,`marked_by` varchar(100)
,`marked_at` timestamp
);

-- --------------------------------------------------------

--
-- Structure for view `v_class_student_count`
--
DROP TABLE IF EXISTS `v_class_student_count`;

CREATE ALGORITHM=UNDEFINED DEFINER=`root`@`localhost` SQL SECURITY DEFINER VIEW `v_class_student_count`  AS SELECT `c`.`id` AS `class_id`, `c`.`class_name` AS `class_name`, `d`.`dept_name` AS `dept_name`, `c`.`year` AS `year`, `c`.`section` AS `section`, `c`.`semester` AS `semester`, `c`.`academic_year` AS `academic_year`, `u`.`full_name` AS `teacher_name`, count(`s`.`id`) AS `student_count` FROM (((`classes` `c` left join `departments` `d` on(`c`.`department_id` = `d`.`id`)) left join `users` `u` on(`c`.`teacher_id` = `u`.`id`)) left join `students` `s` on(`c`.`id` = `s`.`class_id` and `s`.`is_active` = 1)) GROUP BY `c`.`id`, `c`.`class_name`, `d`.`dept_name`, `c`.`year`, `c`.`section`, `c`.`semester`, `c`.`academic_year`, `u`.`full_name` ;

-- --------------------------------------------------------

--
-- Structure for view `v_student_details`
--
DROP TABLE IF EXISTS `v_student_details`;

CREATE ALGORITHM=UNDEFINED DEFINER=`root`@`localhost` SQL SECURITY DEFINER VIEW `v_student_details`  AS SELECT `s`.`id` AS `id`, `s`.`roll_number` AS `roll_number`, `s`.`full_name` AS `full_name`, `s`.`email` AS `email`, `s`.`phone` AS `phone`, `d`.`dept_name` AS `dept_name`, `c`.`class_name` AS `class_name`, `s`.`year` AS `year`, `s`.`semester` AS `semester`, `s`.`admission_year` AS `admission_year`, `s`.`is_active` AS `is_active` FROM ((`students` `s` join `departments` `d` on(`s`.`department_id` = `d`.`id`)) join `classes` `c` on(`s`.`class_id` = `c`.`id`)) ;

-- --------------------------------------------------------

--
-- Structure for view `v_today_attendance`
--
DROP TABLE IF EXISTS `v_today_attendance`;

CREATE ALGORITHM=UNDEFINED DEFINER=`root`@`localhost` SQL SECURITY DEFINER VIEW `v_today_attendance`  AS SELECT `sa`.`id` AS `id`, `s`.`roll_number` AS `roll_number`, `s`.`full_name` AS `student_name`, `c`.`class_name` AS `class_name`, `d`.`dept_name` AS `dept_name`, `sa`.`status` AS `status`, `u`.`full_name` AS `marked_by`, `sa`.`marked_at` AS `marked_at` FROM ((((`student_attendance` `sa` join `students` `s` on(`sa`.`student_id` = `s`.`id`)) join `classes` `c` on(`sa`.`class_id` = `c`.`id`)) join `departments` `d` on(`c`.`department_id` = `d`.`id`)) join `users` `u` on(`sa`.`marked_by` = `u`.`id`)) WHERE `sa`.`attendance_date` = curdate() ORDER BY `c`.`class_name` ASC, `s`.`roll_number` ASC ;

--
-- Indexes for dumped tables
--

--
-- Indexes for table `attendance_summary`
--
ALTER TABLE `attendance_summary`
  ADD PRIMARY KEY (`id`),
  ADD UNIQUE KEY `unique_student_month` (`student_id`,`class_id`,`month`,`year`),
  ADD KEY `idx_class_month` (`class_id`,`month`,`year`),
  ADD KEY `idx_student` (`student_id`);

--
-- Indexes for table `classes`
--
ALTER TABLE `classes`
  ADD PRIMARY KEY (`id`),
  ADD UNIQUE KEY `unique_class` (`class_name`,`department_id`,`year`,`section`,`semester`,`academic_year`),
  ADD KEY `department_id` (`department_id`),
  ADD KEY `teacher_id` (`teacher_id`);

--
-- Indexes for table `class_subjects`
--
ALTER TABLE `class_subjects`
  ADD PRIMARY KEY (`id`),
  ADD UNIQUE KEY `unique_class_subject` (`class_id`,`subject_id`),
  ADD KEY `subject_id` (`subject_id`),
  ADD KEY `teacher_id` (`teacher_id`);

--
-- Indexes for table `class_teachers`
--
ALTER TABLE `class_teachers`
  ADD PRIMARY KEY (`id`),
  ADD KEY `class_id` (`class_id`),
  ADD KEY `teacher_id` (`teacher_id`);

--
-- Indexes for table `departments`
--
ALTER TABLE `departments`
  ADD PRIMARY KEY (`id`),
  ADD UNIQUE KEY `dept_code` (`dept_code`);

--
-- Indexes for table `parents`
--
ALTER TABLE `parents`
  ADD PRIMARY KEY (`id`),
  ADD UNIQUE KEY `email` (`email`),
  ADD KEY `student_id` (`student_id`);

--
-- Indexes for table `students`
--
ALTER TABLE `students`
  ADD PRIMARY KEY (`id`),
  ADD UNIQUE KEY `roll_number` (`roll_number`),
  ADD UNIQUE KEY `email` (`email`),
  ADD UNIQUE KEY `unique_student_class` (`roll_number`,`class_id`),
  ADD KEY `department_id` (`department_id`),
  ADD KEY `class_id` (`class_id`);

--
-- Indexes for table `student_attendance`
--
ALTER TABLE `student_attendance`
  ADD PRIMARY KEY (`id`),
  ADD UNIQUE KEY `unique_attendance` (`student_id`,`class_id`,`attendance_date`,`subject_id`),
  ADD KEY `class_id` (`class_id`),
  ADD KEY `subject_id` (`subject_id`),
  ADD KEY `marked_by` (`marked_by`);

--
-- Indexes for table `student_notifications`
--
ALTER TABLE `student_notifications`
  ADD PRIMARY KEY (`id`),
  ADD KEY `idx_student_read` (`student_id`,`is_read`),
  ADD KEY `idx_date` (`notification_date`);

--
-- Indexes for table `subjects`
--
ALTER TABLE `subjects`
  ADD PRIMARY KEY (`id`),
  ADD UNIQUE KEY `unique_subject` (`subject_code`,`department_id`),
  ADD KEY `department_id` (`department_id`);

--
-- Indexes for table `teacher_assignments`
--
ALTER TABLE `teacher_assignments`
  ADD PRIMARY KEY (`id`),
  ADD UNIQUE KEY `unique_assignment` (`teacher_id`,`class_id`,`subject_id`,`academic_year`),
  ADD KEY `class_id` (`class_id`),
  ADD KEY `subject_id` (`subject_id`);

--
-- Indexes for table `users`
--
ALTER TABLE `users`
  ADD PRIMARY KEY (`id`),
  ADD UNIQUE KEY `username` (`username`),
  ADD UNIQUE KEY `email` (`email`),
  ADD KEY `department_id` (`department_id`);

--
-- AUTO_INCREMENT for dumped tables
--

--
-- AUTO_INCREMENT for table `attendance_summary`
--
ALTER TABLE `attendance_summary`
  MODIFY `id` int(11) NOT NULL AUTO_INCREMENT, AUTO_INCREMENT=679;

--
-- AUTO_INCREMENT for table `classes`
--
ALTER TABLE `classes`
  MODIFY `id` int(11) NOT NULL AUTO_INCREMENT, AUTO_INCREMENT=92;

--
-- AUTO_INCREMENT for table `class_subjects`
--
ALTER TABLE `class_subjects`
  MODIFY `id` int(11) NOT NULL AUTO_INCREMENT, AUTO_INCREMENT=7;

--
-- AUTO_INCREMENT for table `class_teachers`
--
ALTER TABLE `class_teachers`
  MODIFY `id` int(11) NOT NULL AUTO_INCREMENT, AUTO_INCREMENT=2;

--
-- AUTO_INCREMENT for table `departments`
--
ALTER TABLE `departments`
  MODIFY `id` int(11) NOT NULL AUTO_INCREMENT, AUTO_INCREMENT=7;

--
-- AUTO_INCREMENT for table `parents`
--
ALTER TABLE `parents`
  MODIFY `id` int(11) NOT NULL AUTO_INCREMENT, AUTO_INCREMENT=14;

--
-- AUTO_INCREMENT for table `students`
--
ALTER TABLE `students`
  MODIFY `id` int(11) NOT NULL AUTO_INCREMENT, AUTO_INCREMENT=519;

--
-- AUTO_INCREMENT for table `student_attendance`
--
ALTER TABLE `student_attendance`
  MODIFY `id` int(11) NOT NULL AUTO_INCREMENT, AUTO_INCREMENT=2792;

--
-- AUTO_INCREMENT for table `student_notifications`
--
ALTER TABLE `student_notifications`
  MODIFY `id` int(11) NOT NULL AUTO_INCREMENT, AUTO_INCREMENT=11;

--
-- AUTO_INCREMENT for table `subjects`
--
ALTER TABLE `subjects`
  MODIFY `id` int(11) NOT NULL AUTO_INCREMENT, AUTO_INCREMENT=7;

--
-- AUTO_INCREMENT for table `teacher_assignments`
--
ALTER TABLE `teacher_assignments`
  MODIFY `id` int(11) NOT NULL AUTO_INCREMENT, AUTO_INCREMENT=11;

--
-- AUTO_INCREMENT for table `users`
--
ALTER TABLE `users`
  MODIFY `id` int(11) NOT NULL AUTO_INCREMENT, AUTO_INCREMENT=60;

--
-- Constraints for dumped tables
--

--
-- Constraints for table `attendance_summary`
--
ALTER TABLE `attendance_summary`
  ADD CONSTRAINT `attendance_summary_ibfk_1` FOREIGN KEY (`student_id`) REFERENCES `students` (`id`) ON DELETE CASCADE,
  ADD CONSTRAINT `attendance_summary_ibfk_2` FOREIGN KEY (`class_id`) REFERENCES `classes` (`id`) ON DELETE CASCADE;

--
-- Constraints for table `classes`
--
ALTER TABLE `classes`
  ADD CONSTRAINT `classes_ibfk_1` FOREIGN KEY (`department_id`) REFERENCES `departments` (`id`) ON DELETE CASCADE,
  ADD CONSTRAINT `classes_ibfk_2` FOREIGN KEY (`teacher_id`) REFERENCES `users` (`id`) ON DELETE CASCADE;

--
-- Constraints for table `class_subjects`
--
ALTER TABLE `class_subjects`
  ADD CONSTRAINT `class_subjects_ibfk_1` FOREIGN KEY (`class_id`) REFERENCES `classes` (`id`) ON DELETE CASCADE,
  ADD CONSTRAINT `class_subjects_ibfk_2` FOREIGN KEY (`subject_id`) REFERENCES `subjects` (`id`) ON DELETE CASCADE,
  ADD CONSTRAINT `class_subjects_ibfk_3` FOREIGN KEY (`teacher_id`) REFERENCES `users` (`id`) ON DELETE CASCADE;

--
-- Constraints for table `class_teachers`
--
ALTER TABLE `class_teachers`
  ADD CONSTRAINT `class_teachers_ibfk_1` FOREIGN KEY (`class_id`) REFERENCES `classes` (`id`) ON DELETE CASCADE,
  ADD CONSTRAINT `class_teachers_ibfk_2` FOREIGN KEY (`teacher_id`) REFERENCES `users` (`id`) ON DELETE CASCADE;

--
-- Constraints for table `parents`
--
ALTER TABLE `parents`
  ADD CONSTRAINT `parents_ibfk_1` FOREIGN KEY (`student_id`) REFERENCES `students` (`id`) ON DELETE CASCADE;

--
-- Constraints for table `students`
--
ALTER TABLE `students`
  ADD CONSTRAINT `students_ibfk_1` FOREIGN KEY (`department_id`) REFERENCES `departments` (`id`) ON DELETE CASCADE,
  ADD CONSTRAINT `students_ibfk_2` FOREIGN KEY (`class_id`) REFERENCES `classes` (`id`) ON DELETE CASCADE;

--
-- Constraints for table `student_attendance`
--
ALTER TABLE `student_attendance`
  ADD CONSTRAINT `student_attendance_ibfk_1` FOREIGN KEY (`student_id`) REFERENCES `students` (`id`) ON DELETE CASCADE,
  ADD CONSTRAINT `student_attendance_ibfk_2` FOREIGN KEY (`class_id`) REFERENCES `classes` (`id`) ON DELETE CASCADE,
  ADD CONSTRAINT `student_attendance_ibfk_3` FOREIGN KEY (`subject_id`) REFERENCES `subjects` (`id`) ON DELETE SET NULL,
  ADD CONSTRAINT `student_attendance_ibfk_4` FOREIGN KEY (`marked_by`) REFERENCES `users` (`id`) ON DELETE CASCADE;

--
-- Constraints for table `subjects`
--
ALTER TABLE `subjects`
  ADD CONSTRAINT `subjects_ibfk_1` FOREIGN KEY (`department_id`) REFERENCES `departments` (`id`) ON DELETE CASCADE;

--
-- Constraints for table `teacher_assignments`
--
ALTER TABLE `teacher_assignments`
  ADD CONSTRAINT `teacher_assignments_ibfk_1` FOREIGN KEY (`teacher_id`) REFERENCES `users` (`id`) ON DELETE CASCADE,
  ADD CONSTRAINT `teacher_assignments_ibfk_2` FOREIGN KEY (`class_id`) REFERENCES `classes` (`id`) ON DELETE CASCADE,
  ADD CONSTRAINT `teacher_assignments_ibfk_3` FOREIGN KEY (`subject_id`) REFERENCES `subjects` (`id`) ON DELETE SET NULL;

--
-- Constraints for table `users`
--
ALTER TABLE `users`
  ADD CONSTRAINT `users_ibfk_1` FOREIGN KEY (`department_id`) REFERENCES `departments` (`id`) ON DELETE SET NULL;
COMMIT;

/*!40101 SET CHARACTER_SET_CLIENT=@OLD_CHARACTER_SET_CLIENT */;
/*!40101 SET CHARACTER_SET_RESULTS=@OLD_CHARACTER_SET_RESULTS */;
/*!40101 SET COLLATION_CONNECTION=@OLD_COLLATION_CONNECTION */;
